CSF	WhiteMatter	GlobalSignal	stdDVARS	non-stdDVARS	vx-wisestdDVARS	FramewiseDisplacement	tCompCor00	tCompCor01	tCompCor02	tCompCor03	tCompCor04	tCompCor05	aCompCor00	aCompCor01	aCompCor02	aCompCor03	aCompCor04	aCompCor05	Cosine00	Cosine01	Cosine02	Cosine03	Cosine04	X	Y	Z	RotX	RotY	RotZ
603.4283113083866	468.68020496705816	479.2655464246217	n/a	n/a	n/a	n/a	-0.07840754650000001	0.008635938499999999	0.08757310189999999	0.0916271299	0.1334466017	-0.045092504900000004	-0.07172069910000001	0.0935798242	0.005719885500000001	-0.0157137982	0.0795999268	-0.1726623473	0.1015312882	0.1015213037	0.1015046634	0.1014813686	0.1014514208	-0.0323862	0.0371378	0.12386200000000003	0.00156756	-0.000668898	-0.00049837
596.4629722444378	468.7521108294659	476.7052722951014	1.56544387	45.11004257	1.18408465	0.08851160000000001	0.062327960599999996	-0.0081316079	-0.08650298699999999	-0.042915685300000006	0.0397079789	0.0112217372	0.0363317006	-0.0849822094	0.0361396432	-0.029316322599999996	-0.0282003685	-0.0277867929	0.1015046634	0.1014148218	0.1012651448	0.1010557205	0.1007866726	-0.0259043	0.0201258	0.103542	0.0011347	-0.000294399	-0.000411775
595.1821987734633	468.31117698775995	476.4306040801008	1.30055225	37.47689056	0.99231189	0.19999385	-0.0028243275	-0.0511169936	0.0067617888	0.053922446900000004	-0.0441059058	-0.0198078377	0.0330656329	0.0640915301	0.0402845378	0.053799170300000004	0.0162531828	-0.014414221999999999	0.1014514208	0.10120196990000001	0.1007866726	0.10020620960000001	0.09946153199999999	-0.022001	0.138398	0.125798	0.000294387	-0.000460974	-0.000307416
593.2676994400942	468.8770407257222	476.1287415975486	1.28098631	36.91307449	1.02288973	0.26531015	-0.0952970319	-0.0159824081	-0.0996771424	-0.0026033224	0.036476844	0.048739581799999994	-0.1130717392	-0.0785697836	0.0290672275	0.059359320800000004	-0.016392132900000002	0.0866129375	0.1013715742	0.100882971	0.100070376	0.0989363989	0.0974846817	-0.0258892	-0.0485785	0.11416	0.0013471	-0.000334655	-0.000384533
593.5360685556575	469.3575999089702	476.10650256205605	1.28327811	36.97911453	1.02034235	0.24996655	0.0517511554	0.0183849399	-0.0914327293	0.0198699225	0.0302834575	0.1256714675	0.0464720188	-0.0618233138	0.052097842000000005	0.0487674575	0.0347649507	0.1363187506	0.1012651448	0.1004581598	0.0991179452	0.0972516147	0.09486907480000001	-0.0196122	0.0915246	0.0709035	0.000447221	-0.00053627	-0.000279428
595.0492351742703	469.8001916010426	477.6018077516523	1.34092629	38.64031219	1.03746998	0.17730699999999996	-0.0085253608	0.0496527021	-0.0080751353	-0.0394168408	0.09616941150000001	0.08419689	-0.0195416305	-0.0693082845	-0.0610011705	-0.0137667343	0.0694429038	0.13848461310000001	0.1011321603	0.09992798189999999	0.0979316276	0.0951589234	0.0916318497	-0.0193016	-0.0602942	0.0708962	0.000282747	-0.000777337	-0.000181563
597.8202671794447	469.6952917985566	478.0755539700586	1.34041727	38.62564468	1.06139195	0.2457941	0.021077268599999997	0.021823152599999996	0.07378826969999999	0.0496507988	0.1120176202	-0.0048736412	0.0423741403	0.0278530185	0.0214622638	-0.051892100999999996	0.1167664549	0.082199846	0.1009726556	0.0992929934	0.09651422259999999	0.0926671025	0.0877942181	-0.0164041	0.139655	0.07093	-0.000203397	-0.000586772	0.0
594.9507727217369	469.6888914090284	476.67250882996734	1.28214157	36.94636536	1.02160811	0.13998935	-0.08740911009999999	0.0219049992	0.06489692030000001	-0.019501431200000002	0.0325231738	-0.0483135284	-0.0938754159	0.051574608	-0.0250751471	-0.0794399621	0.0600307574	-0.011561118300000001	0.1007866726	0.0985538602	0.09486907480000001	0.08978660349999999	0.08338132549999999	-0.0230047	0.0456588	0.0708569	0.000303292	-0.000660193	-0.000206279
596.2477813153332	468.81616228603826	475.38388043336806	1.42075717	40.94073105	1.08552551	0.11375475	0.0756235235	0.0563094717	-0.021054772200000002	-0.0667888603	0.056516576	-0.166239504	0.0191480971	-0.10477017150000001	-0.0686659715	-0.0460651422	-0.0088073939	-0.13085373390000002	0.10057426009999999	0.09771135759999999	0.0930000661	0.0865295084	0.0784220868	-0.0258599	-0.0184607	0.0792767	0.000991285	-0.00067176	-0.000138634
593.8220871716129	468.1124863391377	475.2165395029695	1.37816548	39.71340179	1.06480026	0.32593805000000003	0.0019491759	0.0072472032999999995	0.10159791539999999	0.0034571403999999997	-0.1363318708	-0.041503672799999995	0.037689987599999995	0.1385241741	-0.0541695619	0.045271299	-0.056833036100000005	-0.0088877474	0.1003354737	0.0967663693	0.09091160699999999	0.0829094784	0.0729489968	-0.0141182	0.231561	0.08051379999999998	-6.3304e-05	-0.000490014	-0.000116218
591.889757007367	468.1801320696612	475.6400106653192	1.39787233	40.2812767	1.09055674	0.331186925	-0.0572812464	-0.023655176099999998	0.0069871154000000005	-0.1630951886	-0.074431697	0.027686293799999998	-0.0824498338	-0.0199198176	-0.11256929560000001	0.0006182244	-0.185195854	0.026729618700000003	0.100070376	0.09571988640000001	0.08860862539999999	0.0789416972	0.0669979174	-0.0178291	-0.0541104	0.08017259999999998	0.000556752	-0.000451515	5.44955e-05
593.4787076793799	468.23322404819726	476.94248951265035	1.33336461	38.42241669	1.12051141	0.43786343000000005	0.0708748526	-0.030779675	0.1058012295	-0.010447280500000001	-0.0586750784	0.09704349820000001	0.10539818039999999	0.10099023609999999	-0.0371753196	0.048653731500000005	-0.08924183640000001	0.1464299013	0.0997790366	0.0945730066	0.0860965556	0.0746428072	0.060607842300000006	-0.00150365	0.246267	0.0599353	-0.000903209	5.24941e-05	0.0
594.0136567830688	469.11621281894514	477.21744520374506	1.38436663	39.89209747	1.1541419	0.316342463	-0.0858076224	-0.076125571	0.09072567779999999	-0.0473144562	-0.0136934377	0.0750756838	-0.080127665	0.07778341820000001	-0.011957980200000001	-0.10595365080000001	-0.0351512199	0.034948237400000005	0.09946153199999999	0.0933269328	0.08338132549999999	0.0700308392	0.0538206416	-0.000642232	0.0160823	0.0718005	-0.000177185	0.00058635	-0.000208743
595.5112410688013	469.1881186813527	476.4850345051065	1.60710406	46.3105278	1.20355952	0.124525342	0.10480885449999999	-0.0832514258	-0.0503405382	0.032443785499999996	0.0301164537	0.0368046511	0.094183473	-0.1143374575	0.10770405539999998	-0.0677087679	0.0027938583000000003	0.043948348	0.0991179452	0.09198297189999999	0.0804693419	0.0651251376	0.046680787599999995	0.00526006	0.08232459999999998	0.0426665	0.000177303	0.000560333	-0.000124313
593.5190355789088	469.1766020568814	476.0640659488895	1.61113882	46.42679596	1.15383244	0.2273323	-0.0807205626	0.0213368478	-0.0387359522	0.1643394339	0.0014184198	-0.0354838897	-0.062285833	0.0569758976	0.0650862645	0.0662821012	0.1198154442	-0.022938146099999997	0.0987483665	0.0905425335	0.0773674764	0.0599462785	0.0392350634	-0.0069786	0.18247	0.0694466	-0.000856166	-4.52478e-05	0.0
594.0555683021522	469.2365156820068	476.3520186516842	1.42619276	41.09736252	1.1002754	0.19497040999999998	0.0340551615	0.12032738220000001	-0.1145564874	-0.0512775825	7.65116e-05	-0.053639342300000004	-0.0032341989	-0.1094613118	-0.06422808349999999	0.0314097854	0.0647198683	-0.0439051809	0.0983528927	0.0890071286	0.0740830482	0.054515983899999995	0.0315322563	-0.0124028	0.0210503	0.0546153	-0.000932158	-0.00023516	0.0
596.2275327446766	468.70187932225815	476.26808282393455	1.2415781	35.77748108	1.04347539	0.23270754	0.079899768	0.10812286869999999	0.1080108984	0.040476876200000005	0.0070371749	-0.022062995	0.1058737132	0.0631459157	-0.095564557	0.021847279900000002	0.07348092980000001	-0.0477789395	0.0979316276	0.0873783674	0.0706238077	0.0488570303	0.023622837799999997	0.00422679	0.191426	0.0479969	-0.00121941	0.000259265	0.0
593.9146624277837	468.6929445958982	475.38910102798724	1.38732016	39.97720718	1.08024025	0.20839989	-0.0981277434	-0.0609759326	0.0673723604	-0.0738288743	-0.0400324901	-0.024741638399999998	-0.09506700679999999	0.07091775019999999	-0.0292334468	-0.1009325002	-0.0734995063	-0.0891420059	0.0974846817	0.08565795849999999	0.0669979174	0.0429931534	0.0155586335	0.00919148	0.0367615	0.0669022	-0.0007260959999999998	0.000363259	0.0
594.3372228978059	468.11134486839416	474.75187206363313	1.58779645	45.75415802	1.15724444	0.04625921999999999	0.10334506	-0.0738771992	-0.09351110800000001	0.026812640899999997	-0.0133821521	0.014286219199999999	0.0930036353	-0.1003574203	0.11789226789999999	0.0230506385	-0.0529087071	-0.0700377459	0.097012172	0.0838477061	0.0632139335	0.0369489482	0.007392483199999999	0.00919612	0.0641017	0.0546027	-0.000685909	0.000363259	9.21106e-05
592.1644243350565	468.1575132833097	474.7104271441049	1.66769719	48.05658722	1.13021064	0.08837349	-0.081195411	0.0845806922	-0.0551434671	0.13515925980000001	-0.059666382999999996	-0.0340156331	-0.06836332070000001	0.07544995480000001	0.042641001	0.1467242025	0.057380084000000005	-0.057931700700000005	0.09651422259999999	0.0819495091	0.0592807847	0.0307497663	-0.0008221055	0.00375791	0.112667	0.0726109	-0.000556735	0.000257308	2.64698e-23
593.3707435095107	468.8634789661673	475.014875293433	1.34931135	38.88193893	1.04364979	0.28872161	-0.0047519247	0.12204954960000002	-0.08668370689999999	-0.0630527337	-0.038081350800000004	-0.0764405147	-0.029629322799999996	-0.0897346242	-0.0946437155	0.0402305642	0.0324212849	-0.08747890529999999	0.095990964	0.07996535839999999	0.0552077523	0.0244216092	-0.0090313074	-0.0135989	-0.0170131	0.0206839	0.000628092	-0.000353019	0.0
593.8749631405975	468.6959341621331	474.7241512060391	1.26188719	36.36271286	1.03868723	0.333777025	0.09497716	0.018843689099999998	0.0375058109	-0.0689196521	-0.0650271015	-0.0769763679	0.08335720690000001	0.0089364151	-0.0919632844	-0.0440683634	-0.028637935899999998	-0.0110388736	0.0954425335	0.077897335	0.0510044471	0.0179910194	-0.0171813328	-0.00727926	0.153321	-0.0206325	-0.000392834	0.000908979	3.32137e-05
592.6943808060993	468.90559108326033	474.016750567916	1.27828586	36.83525848	1.02008307	0.128288035	0.060433653	-0.08154784179999999	-0.0515482734	0.0220885854	-0.12422010300000001	0.002265476	0.07980941400000001	0.0006904302000000001	0.1191780558	-0.051648045999999996	-0.0060736906999999994	-0.03077044	0.09486907480000001	0.0757476081	0.046680787599999995	0.011484969	-0.0252187796	0.00542084	0.0997371	0.00474982	-0.000610741	0.000710641	0.000349403
592.7110390331824	468.4023859357855	474.81437788805664	1.25434983	36.14551544	1.01874864	0.2806527	-0.0133112078	0.0218725657	-0.0704652134	0.044735081100000004	-0.0621524748	-0.0774797605	-0.0266911189	-0.036275188	-0.0106115932	0.0156191903	-0.0013298733	-0.0911177207	0.0942707383	0.0735184324	0.0422469764	0.0049307466	-0.0330909833	-0.00954688	-0.0397959	0.0333448	0.000280509	-0.000334066	0.00033422
594.4592945792895	467.9862383159508	474.8586646678714	1.27208984	36.65671158	1.00441539	0.34456968	0.0572845649	-0.0330862125	-0.0184768399	0.0066437788	-0.0514102325	-0.032345838700000004	0.0831254364	0.021944571800000003	0.0798796512	0.0306843575	-0.046313617300000005	-0.0070464435	0.0936476809	0.0712121461	0.0377134758	-0.001644157	-0.0407463624	0.00922223	0.169769	-0.00616602	-0.00059165	0.000146906	0.000152854
593.8214948253662	468.1365795252007	475.5517276381202	1.34726954	38.82310104	1.02163947	0.13222428000000003	-0.0725846602	-0.0200544152	0.081453265	0.052788094	-0.0797262389	-1.4253099999999999e-05	-0.035226192	0.1264786199	0.0350407851	0.0166001512	-0.0474832068	-0.0318113858	0.0930000661	0.068831168	0.0330909833	-0.008212164499999999	-0.0481347559	0.00923472	0.119803	-0.041012	-0.00130957	-2.36402e-05	0.000212384
593.59961884577	468.35727066352086	475.1050521750171	1.28817022	37.12008667	0.95658123	0.19245842	-0.0502439878	-0.044009669	-0.0116208982	-0.1153135624	0.039082541	-0.0534406017	-0.0686127958	-0.0554991167	-0.0117096545	-0.0452429025	-0.08330429519999999	-0.019275783799999998	0.0923280636	0.0663779955	0.0283904067	-0.0147457273	-0.0552077523	0.0214046	-0.0104017	-0.0410628	-0.000759626	-0.000125669	0.000561072
592.2334145396748	467.84587818124464	474.32177277050766	1.19339037	34.38889694	0.94266111	0.11646195	0.1063959328	-0.0411498534	0.053252624500000005	-0.0596470022	-0.0651136549	-0.0040669746	0.0877143492	-0.010672891399999999	-0.0294299885	-0.021756273	-0.113786333	0.0306325979	0.0916318497	0.0638552017	0.023622837799999997	-0.021217441400000002	-0.061919006500000005	0.0200926	0.0576496	-0.0510387	-0.00131567	-0.000118471	0.000381859
593.8963722263479	467.58759324752623	474.5710416906269	1.22083485	35.17974091	0.94519919	0.12675303999999998	-0.007502538100000001	-0.0641626077	0.0910731834	-0.011094153600000002	-0.0764792928	0.0048670283	0.025476023599999998	0.0922914315	0.0234255771	-0.030145268	-0.10097841169999999	-0.0261501441	0.09091160699999999	0.061265432599999996	0.0187995265	-0.0276001621	-0.06822454389999999	0.007283409999999999	0.0953463	-0.0015015	-0.0012838	-0.000522225	0.000283284
592.937750492339	468.16603354707735	474.7942475499312	1.18667006	34.19524384	0.95615184	0.17222447	-0.051751266100000005	-0.1100984736	-0.0550870399	-0.0893337834	0.0334054098	0.0477810593	-0.053498084	-0.041578244300000004	0.0305945089	-0.0526494509	-0.0806508191	0.027227295099999996	0.0901675242	0.0586114046	0.0139318543	-0.0338671182	-0.0740830482	0.00931588	-0.0418913	-0.0164725	-0.0012838	-0.000285179	0.000405906
593.252189639407	468.3326814812422	475.2333952384843	1.17403018	33.83101273	0.97778791	0.24525431	0.06577232059999999	-0.0864027539	-0.0101076006	0.0317973422	-0.023177655	0.12227502550000001	0.0852597284	-0.0055079514	0.10585546259999999	0.0075380538	-0.0043603448	0.1377984574	0.0893997965	0.0558959012	0.0090313074	-0.0399920239	-0.07945613230000001	0.00927007	0.155508	-0.0267179	-0.00173224	-0.000285179	0.00010307
594.5572976612659	468.8298055792176	476.5116595735888	1.30501163	37.60539246	0.99454665	0.09154575000000001	-0.0815709605	-0.008094129	0.015390067299999999	0.14362259189999999	0.0991197959	0.08153181450000001	-0.0639883572	0.0462321562	0.1137019833	0.0358359229	0.1129131162	0.0820846143	0.08860862539999999	0.0531217708	0.0041094495	-0.045949189	-0.0843085898	0.00927522	0.0937492	-0.0416531	-0.00157069	-0.000285179	0.000238452
594.9782382456359	468.8380540642376	476.2745264953849	1.24730599	35.94253922	0.98283052	0.21862448	-0.0274856552	0.1010960934	-0.0496260672	0.005803288	0.1394623634	-0.011004418600000001	-0.066952111	-0.1222067205	-0.0510930737	-0.0192990227	0.1218834874	0.0104400378	0.0877942181	0.0502919229	-0.0008221055	-0.0517136274	-0.08860862539999999	0.0118722	-0.044839	-0.049838	-0.000718557	-0.00039366	0.000662926
594.1749079376854	468.0789896083744	475.16302418323136	1.33277512	38.40542984	0.9819901	0.20378436	0.08764466380000001	-0.0014651446	0.0375977956	-0.0628469247	0.0478393567	-0.0593014255	0.0802462142	-0.0374748731	-0.0726941184	-0.0686063355	-0.0047436786	-0.08475154619999999	0.0869567883	0.0474093258	-0.005751720500000001	-0.0572611608	-0.0923280636	0.00928414	0.0845172	-0.0201925	-0.0012838	-0.00036953	0.000408407
592.9611783908057	467.44049979432265	474.8102234180352	1.30710375	37.66567993	0.99128246	0.08619129999999998	-0.0701535249	-0.0848071548	-0.012717154199999999	0.0913493872	-0.0431573158	0.0455994156	-0.0235789535	0.060743571100000004	0.1211787578	0.0724989172	-0.0252992825	0.0077295617	0.0860965556	0.0444770029	-0.0106677633	-0.0625685209	-0.0954425335	0.00557879	0.126378	-0.0331133	-0.00154714	-0.000341488	0.000145702
591.4258652758089	467.9900160405565	475.90098340418143	1.23817086	35.6792984	0.95927596	0.12981751	-0.0818987198	0.07206354429999999	-0.0804235227	0.0026392239000000003	0.054691616500000005	0.14952551630000002	-0.1026678511	-0.0581127943	-0.0266361425	0.12369526880000001	0.0455911295	0.139062314	0.0852137456	0.0414980297	-0.0155586335	-0.06761344700000001	-0.0979316276	0.0115161	0.0417669	-0.0466038	-0.0012838	-0.000285179	0.000341625
593.8005088440785	468.1729299328231	476.86405132809165	1.26987875	36.5929985	0.98981464	0.05677241	0.09356635070000001	0.09195293980000001	0.013438448	-0.0499720416	0.1369575384	0.063407823	0.057966425099999996	-0.0806178255	-0.1164525293	0.0383318444	0.0504185608	0.0444581455	0.0843085898	0.0384755308	-0.020412790400000002	-0.0723747788	-0.0997790366	0.00926939	0.08030919999999998	-0.0519777	-0.00134383	-0.000365237	0.000269523
594.1307358319071	468.8632071874191	476.0286276436551	1.30738521	37.67378998	1.03579271	0.14427378	-0.009499220899999999	0.0083251038	0.1664440491	0.0316796023	0.011518769199999999	0.0313449462	0.0378553743	0.1235487569	-0.031268498900000004	-0.0726594625	0.057870676399999994	0.047265494500000005	0.08338132549999999	0.0354126764	-0.0252187796	-0.0768325456	-0.1009726556	0.00923901	0.185041	-0.0519003	-0.00193384	-0.000285179	0.000150907
594.8050555452046	468.6747829810244	475.2077902696652	1.27590716	36.76671219	1.03546226	0.30453049	-0.0799511916	-0.1047510278	-0.0565052821	0.047257729500000005	0.1114153834	-0.048197904400000005	-0.0935495164	-0.0599272023	0.11779778390000001	-0.1007525326	0.037649175	-0.045310027	0.0824321958	0.032312679	-0.0299652604	-0.08096805	-0.1015046634	0.0151043	-0.0515109	-0.0519253	-0.00103059	-0.000285179	0.000489423
591.1631053165354	467.64726906624657	473.7281002996129	1.19775188	34.51457977	0.93427837	0.16848339999999998	-0.0012906194	0.0501588665	-0.1018180249	0.0211962978	-0.0180213751	-0.0342766594	-0.038598811499999996	-0.0742765275	-0.0223438703	0.059329325700000005	0.0418857989	-0.10305027300000001	0.0814614498	0.02917879	-0.0346410328	-0.0847639462	-0.1013715742	0.0120516	0.0582911	-0.0244793	-0.00158272	-0.000285179	0.000477899
591.644743258078	466.95885349607966	474.27855409291914	1.2019732	34.63622284	0.98707682	0.18151925	0.0957525666	0.09826813300000001	0.0343835115	0.0278411882	-0.0727968326	-0.031574551	0.10350976460000001	0.022903379300000002	-0.0930397768	0.1043921925	-0.0273786937	-0.047750285700000006	0.0804693419	0.0260142966	-0.0392350634	-0.088204313	-0.10057426009999999	0.011606	0.159445	-0.0243995	-0.00230812	0.000441606	0.000333285
592.1131198969284	467.6409705937485	475.21704883365476	1.35505772	39.04752731	1.07239163	0.06870105000000001	-0.0740480425	0.0377957101	0.1113700549	-0.0279067549	-0.0830974642	0.046697628399999996	-0.0481496713	0.1431557213	-0.058266911	0.0063650547	-0.0554704059	0.047821810199999995	0.07945613230000001	0.0228225177	-0.043736511799999996	-0.09127472029999999	-0.0991179452	0.016608999999999995	0.145145	-0.0292947	-0.00280779	0.000232419	0.000514485
594.5834213395866	468.18710319456187	475.3602588518169	1.40807128	40.57517242	1.08252358	0.27819450000000007	0.0452478529	-0.11116337679999999	-0.0410369163	-0.0877719688	0.07334964349999999	-0.044235972	0.0158745367	-0.0904681682	0.0345318929	-0.1204448565	-0.07441897559999999	0.045161172400000005	0.0784220868	0.0196068011	-0.0481347559	-0.0939622897	-0.097012172	0.0288949	-0.0378182	-0.0552151	-0.00179008	0.00033336	0.000492636
593.2837774096296	467.91832760114886	473.8275936359487	1.29841101	37.41518784	0.97660244	0.2030751145	0.0726829875	0.0018081852	-0.0058842608	0.0954996317	-0.0134451032	-0.1077316363	0.0772633972	-0.0294772081	0.010321230899999999	-0.0017749899	0.0948089188	-0.0446756928	0.0773674764	0.0163705198	-0.0524194174	-0.0962557485	-0.0942707383	0.0208306	0.0942646	-0.0266177	-0.00209805	7.00871e-06	0.000544927
590.1410783567987	467.36037262477066	472.77319568996137	1.30169308	37.50976562	1.04061246	0.09465276449999999	-0.103414522	-0.0639986717	-0.0038310741	-0.09089936289999999	-0.10876554849999999	-0.0867357851	-0.0926583543	0.06617208150000001	0.0092806343	-0.0598171104	-0.0850997902	-0.0477138113	0.07629257769999999	0.013117068	-0.056580385700000006	-0.0981454774	-0.09091160699999999	0.0288957	0.0367295	-0.0342878	-0.00189567	0.000114279	0.000662926
589.3590966911049	467.2688918979969	472.8111110718718	1.27004361	36.5977478	0.96774703	0.0298849	0.0144873544	-0.059890390099999996	-0.1737008793	0.0178994757	-0.07110680059999999	0.06689917599999999	-0.0161903254	-0.1005827295	0.0927554765	0.0822531178	-0.0882537426	0.022037443599999998	0.0751976726	0.009849858199999999	-0.060607842300000006	-0.0996235499	-0.0869567883	0.0288959	0.0367352	-0.0357794	-0.00163017	-0.000187969	0.000662926
590.9627713983774	467.29279483893464	473.9734038834622	1.19376743	34.39976501	0.91980982	0.14426055	0.0449535407	0.0666775522	-0.0413244124	0.0618232612	-0.0481945961	0.0804857024	0.052862616200000004	0.011445570300000001	0.0160172149	0.12094429	0.0056946714	0.033508282	0.0740830482	0.0065723173	-0.0644922837	-0.1006837667	-0.0824321958	0.0190741	0.13494	-0.0357917	-0.00209557	-0.000297708	0.000513632
591.5576683599071	468.3188207650638	474.937860645886	1.20289159	34.66268539	0.96426982	0.07155625000000002	-0.08419228179999999	0.113578885	0.0258186119	0.059262156600000004	0.0325962986	0.12285664199999999	-0.054820229500000005	0.061199097800000005	-0.04515663599999999	0.0316755189	0.130323921	0.10979601289999999	0.0729489968	0.0032878828999999997	-0.06822454389999999	-0.1013216808	-0.0773674764	0.0288873	0.0957252	-0.047324	-0.00198886	-0.000187969	0.000517102
594.3354700364641	468.1727464821675	475.2955589321947	1.19973743	34.57179642	0.90250021	0.08547075	-0.0356979652	0.0932053642	-0.0265677021	-0.0385256697	0.1798514513	0.0157682615	-0.0702434116	-0.0664892188	-0.07420912860000001	-0.01447778	0.1058898757	0.0044307893	0.0717958159	0.0	-0.0717958159	-0.10153461650000001	-0.0717958159	0.0288885	0.0490406	-0.0616224	-0.00182602	-0.000369036	0.000662926
594.3620893514411	467.6979558028578	474.6458350954352	1.20018137	34.5845871	0.94042897	0.12159125	0.0981427491	0.0654218963	0.042569127699999994	-0.0469511878	0.1232966127	-0.0343778642	0.0694282664	-0.0452564633	-0.0994392348	-0.0221379774	0.028153936600000002	-0.059266474400000005	0.0706238077	-0.0032878828999999997	-0.0751976726	-0.1013216808	-0.065753722	0.0215149	0.11375	-0.0498569	-0.00233941	-0.000237	0.000553497
592.8729067114433	467.2095829805868	474.1444855987674	1.23240328	35.51309967	0.95058125	0.09099949999999998	0.012783168400000001	0.0117030107	0.1532782731	0.0149735931	-0.0416198168	-0.0105477703	0.060221132000000004	0.1252617148	-0.0324922158	-0.0050578108000000005	-0.0417768048	-0.0246954931	0.0694332796	-0.0065723173	-0.0784220868	-0.1006837667	-0.0592807847	0.0288804	0.16484299999999996	-0.0615511	-0.00262023	-0.000326192	0.000506573
591.0872245535444	466.79770228710566	474.0331482114474	1.16951156	33.70080185	0.96089417	0.20064925	-0.099997945	-0.029589795099999996	0.062058862400000005	-0.0926848309	-0.036747129100000005	0.0038607722	-0.100375281	0.0431527522	-0.0289852846	-0.0238369905	-0.1364768518	0.0252742028	0.06822454389999999	-0.009849858199999999	-0.0814614498	-0.0996235499	-0.0524194174	0.0288931	0.0208229	-0.081441	-0.00213523	-0.000364633	0.000717663
591.1364618241612	466.68873259786034	473.9250989105994	1.36762941	39.40979385	1.01323462	0.0493285	0.0808544479	-0.0706871501	-0.0036779118	-0.0965473544	-0.011266963	-0.0284310093	0.0557859891	-0.0487711179	-0.0044850764	-0.0549511845	-0.146041838	-0.0188504574	0.0669979174	-0.013117068	-0.0843085898	-0.0981454774	-0.04521457809999999	0.0310153	0.0505118	-0.08144619999999998	-0.00194075	-0.000263606	0.000662926
592.1240239033352	467.5805949447499	474.0948786234896	1.33155859	38.37037277	0.96064061	0.17238560000000003	0.0137834957	-0.13904537	0.0071664266	0.0836125901	-0.0944062613	-0.0260089515	0.0527234638	0.0758499005	0.14153122740000001	0.0025196988	-0.0183740015	0.0275832507	0.065753722	-0.0163705198	-0.0869567883	-0.0962557485	-0.0377134758	0.0254081	0.147785	-0.0517811	-0.00232419	-0.000604878	0.000590836
590.2381264315627	468.0560514819941	473.9530878275213	1.36833298	39.43006897	1.01612592	0.1976303	-0.1032463803	-0.0042551912	-0.1143006325	0.0480447296	-0.0188623535	0.034674401	-0.1151043967	-0.049072184299999995	0.0504207618	0.0450687086	0.0488757337	0.1135334618	0.0644922837	-0.0196068011	-0.0893997965	-0.0939622897	-0.0299652604	0.0288981	0.0115177	-0.0575405	-0.00169528	-0.000263606	0.000662926
590.6516687322054	467.58915597533036	473.9811900089334	1.18239319	34.07200241	0.91407239	0.08119035	0.008987665300000001	0.0743706776	-0.0966491202	-0.0224510558	0.0135149585	-0.0229340057	-0.0311174767	-0.0956634767	-0.0417349069	0.050249733399999996	0.0658463979	-0.0124064549	0.0632139335	-0.0228225177	-0.0916318497	-0.09127472029999999	-0.022020701400000002	0.0288897	0.08231389999999998	-0.0575181	-0.00175705	-0.000409103	0.000662926
591.5381813772815	467.96004563905694	474.4986928214229	1.09147346	31.45204735	0.90086311	0.07938185000000002	0.11214015109999999	0.0685117392	-0.0042748901	-0.0020151813	-0.029020679100000002	0.0608624096	0.10151279710000001	-0.0179308849	-0.0788598092	0.0303995164	0.056724662	0.0221837627	0.061919006500000005	-0.0260142966	-0.0936476809	-0.088204313	-0.0139318543	0.0288934	0.133061	-0.0674772	-0.00204776	-0.000326374	0.000662926
592.0869962186073	467.7599145630668	475.30160617788533	1.21438885	34.99399185	0.89588487	0.06826775000000002	0.0134024353	0.0967163783	0.1104121412	0.0378679763	-0.030886393199999997	0.029037735800000002	0.0481462258	0.0753468474	-0.0823310794	-0.0116684985	0.062091721399999994	-0.0330920677	0.060607842300000006	-0.02917879	-0.0954425335	-0.0847639462	-0.005751720500000001	0.0288785	0.08969059999999998	-0.06009	-0.0019522	-0.000458722	0.000540929
593.6044301479312	467.3837523916182	474.74552403776534	1.30751872	37.67763519	0.95790392	0.11253255	-0.0634132921	-0.08130794599999999	0.0468384737	-0.061453628600000004	0.0856716125	-0.0463121251	-0.07192530400000001	0.0021848997	0.0485655633	-0.0993655182	-0.031627973	-0.031646386299999996	0.0592807847	-0.032312679	-0.097012172	-0.08096805	0.0024661008	0.0289177	0.0148763	-0.0575241	-0.00150235	-0.000589138	0.000662926
590.9624691809048	466.9589554131105	473.27739603616953	1.15871549	33.38970184	0.93137103	0.0969648	-0.031248162799999996	0.0444440128	-0.0631233966	-0.0029804907	-0.0340544081	-0.1161738494	-0.061254141399999996	-0.0372954564	-0.0314651084	0.041929803	0.0270797956	-0.1125659573	0.057938181799999995	-0.0354126764	-0.0983528927	-0.0768325456	0.0106677633	0.0289222	0.0990536	-0.0504574	-0.00152292	-0.000495382	0.000662926
589.1100694937808	466.38012103437217	473.5733399990296	1.21006143	34.86929321	0.98773623	0.09743395	0.09562950029999999	0.0013385182999999998	0.0261185581	-0.0760494929	-0.109750366	-0.0303586835	0.084363316	0.026248266800000003	-0.0515002159	0.0435056233	-0.1521854785	-0.0118129701	0.056580385700000006	-0.0384755308	-0.09946153199999999	-0.0723747788	0.0187995265	0.0289349	0.143564	-0.0567838	-0.0021241	-0.000164873	0.000662926
591.4996426051903	466.630279783508	474.816769566895	1.3607645	39.2119751	1.06482005	0.13566534	-0.0754974513	-0.09085020949999999	0.1035499849	0.0274918576	-0.08603241310000001	0.067253958	-0.012969623700000002	0.194335956	0.0836411631	0.027204985299999998	-0.07398697530000001	0.0110954577	0.0552077523	-0.0414980297	-0.1003354737	-0.06761344700000001	0.026808108100000002	0.0289429	0.253416	-0.0675329	-0.00232148	-6.11282e-05	0.000662926
592.128508810627	467.8288172703023	474.9197208864478	1.45100999	41.8125	1.2047689	0.517373805	0.0164497831	-0.1001377679	-0.10336517810000001	-0.0282288619	0.11168863150000001	0.0412628742	-0.0061100303	-0.1520260481	0.0855207348	-0.0687772754	-0.0412550087	0.0367809852	0.0538206416	-0.0444770029	-0.1009726556	-0.0625685209	0.0346410328	0.0289258	-0.10617	-0.0774626	5.84161e-05	-6.11282e-05	0.00123985
592.0137145258802	467.363409752287	474.2549343092092	1.29407859	37.29034424	1.07653415	0.395097495	-0.0297773057	-0.0361996665	-0.0175170598	0.1540141369	0.023286745299999998	-0.0789681914	0.0063815088	0.052642435999999994	0.1191248409	0.0457169084	0.0817900609	-0.009632292800000001	0.0524194174	-0.0474093258	-0.1013715742	-0.0572611608	0.0422469764	0.0339949	0.186378	-0.0512096	-0.000990084	-0.000274356	0.00107703
589.5093954845189	467.5241532931372	473.9139722014573	1.32607985	38.21249771	1.00108361	0.23993577	-0.0735011679	0.06409603280000001	-0.1179046085	-0.0424406326	-0.022378941	-0.015750350700000002	-0.1013484375	-0.0711799191	-0.0404312232	0.0358410392	0.0433408829	0.0256935115	0.0510044471	-0.0502919229	-0.1015312882	-0.0517136274	0.0495761017	0.0327242	-0.00282027	-0.067443	-0.000616232	-0.000483042	0.00115916
590.0168669756093	467.58660804956185	474.57186977998526	1.24182415	35.7845726	0.98725206	0.18522437	0.1047489769	0.067681664	-0.015343743500000001	-0.006422565	-0.0123975456	0.0343359729	0.0940433327	-0.038701753	-0.0556889129	0.046587583099999996	0.047913294	0.0148493703	0.0495761017	-0.0531217708	-0.1014514208	-0.045949189	0.056580385700000006	0.0327515	0.142395	-0.0674205	-0.00103266	-0.000400447	0.000858997
591.783581964935	467.57407904925265	475.54834013058576	1.33269596	38.40314865	0.99456686	0.0754728	-0.0304004569	0.103126033	0.12795513039999998	0.05247559809999999	-0.0138164142	0.0694521851	0.006670855799999999	0.1220310383	-0.07833253309999999	0.0075040274	0.07788114480000001	0.0120343398	0.0481347559	-0.0558959012	-0.1011321603	-0.0399920239	0.0632139335	0.0327229	0.186237	-0.0577427	-0.0013497	-0.000301342	0.000836654
593.9654712292565	468.1158767790266	475.70604692628405	1.33010745	38.32855606	1.01383865	0.30424205	-0.0295892393	-0.08788435730000001	0.0427194045	-0.1205366361	0.1457639403	-0.0252232196	-0.055881139100000005	-0.0365971498	-0.0319835827	-0.17506739129999999	-0.059449204900000004	-0.0097172104	0.046680787599999995	-0.0586114046	-0.10057426009999999	-0.0338671182	0.0694332796	0.032789	-0.0381196	-0.0774099	-0.000484695	-0.000354494	0.00112154
592.8629939783457	468.1129211851351	474.80954724693987	1.34413922	38.73289871	1.00306296	0.19945165	0.0914722809	-0.10964618109999999	-0.031020548	0.0904459944	0.07237004429999999	0.0435874975	0.0839923732	-0.0541264505	0.1141471681	-0.0392782754	0.046489336500000006	0.015098595800000001	0.04521457809999999	-0.061265432599999996	-0.0997790366	-0.0276001621	0.0751976726	0.0327809	0.126288	-0.07488419999999998	-0.00112901	-0.000354494	0.00111565
591.0070160363477	467.15386154265815	473.8673052490281	1.47905481	42.62064362	1.08147585	0.1229943	-0.0829382404	0.09611881039999999	0.0170524551	0.1097536011	0.0235864771	-0.056986412599999994	-0.0732527738	0.0827988825	0.0035873982	0.0740161102	0.0950091113	-0.09255151269999999	0.043736511799999996	-0.0638552017	-0.0987483665	-0.021217441400000002	0.0804693419	0.02389	0.195301	-0.0425991	-0.000957394	-0.000354494	0.00103116
591.6834754493511	467.0702012493751	474.329390797076	1.50301409	43.31105804	1.07974267	0.2693658	0.0641479038	0.0724849028	-0.0586265882	-0.08921714550000001	0.0519483455	-0.051953403499999995	0.026039108	-0.1061146779	-0.0791576814	0.0065729412	-0.0380300147	-0.10379335099999999	0.0422469764	-0.0663779955	-0.0974846817	-0.0147457273	0.0852137456	0.032799	0.0124015	-0.0654072	-0.00014496	-0.000354494	0.00131371
592.0525434267448	467.5954816257035	474.7503537799497	1.36454594	39.32094193	0.98806643	0.2653286	0.019431668	0.0576261788	0.0751956442	0.0699215934	-0.025328223100000002	0.06170477059999999	0.0610833037	0.1057170427	-0.0274882986	0.0241427245	0.0587542962	0.0054185696	0.0407463624	-0.068831168	-0.095990964	-0.008212164499999999	0.0893997965	0.032772	0.203508	-0.0486501	-0.00104675	-0.000354494	0.00106674
591.3298689178497	468.4431527480729	475.45635766900347	1.27071226	36.61701584	0.99768496	0.282374705	-0.08486263599999999	0.0637706861	0.013288328	-0.050407401500000004	0.0626717271	0.0450985469	-0.0977041917	-0.033467618	-0.0793046256	-0.0694632696	0.08798266199999999	0.0612518901	0.0392350634	-0.0712121461	-0.0942707383	-0.001644157	0.0930000661	0.0328155	-0.000462055	-0.08410589999999998	-0.000240463	-0.000354494	0.0011185600000000002
595.8037996708617	468.6109421529808	475.62244136343065	1.41411543	40.74934006	1.03372836	0.174210055	0.1110221534	0.0712761772	0.0443825188	-0.0045583469	0.1480883271	-0.1465613282	0.0923558125	-0.056550367000000004	-0.0678205816	-0.09072765880000001	0.1497636009	-0.0653076015	0.0377134758	-0.0735184324	-0.0923280636	0.0049307466	0.095990964	0.0260569	0.110313	-0.0715343	-0.000759841	-0.000691692	0.00114408
591.8451980632249	468.0985101169927	473.81880071490286	1.24412858	35.85097885	0.94315469	0.017458900000000006	0.0299508375	-0.0472570275	0.11376152490000001	0.0090501817	-0.0353887877	-0.0939136505	0.0617345764	0.07192550730000001	0.0068336536	-0.14605594800000002	0.015148916699999999	-0.066974087	0.036181998300000004	-0.0757476081	-0.0901675242	0.011484969	0.0983528927	0.024472	0.114756	-0.0715285	-0.000749607	-0.000577982	0.00103952
590.174116770891	467.28769219293054	473.60643606627707	1.21107221	34.89842224	0.95419353	0.0603404	-0.113655874	-0.1005252916	0.0318550771	-0.0579991138	-0.058127534800000005	-0.0661084842	-0.09710492820000001	0.051135163899999996	0.0230418216	-0.056486403600000006	-0.0623966736	-0.0227118193	0.0346410328	-0.077897335	-0.0877942181	0.0179910194	0.100070376	0.0328035	0.0843281	-0.0693577	-0.000695542	-0.0007427309999999998	0.00120891
589.8592424306626	467.126289588614	473.73563652404624	1.26257753	36.38260651	0.94123185	0.04660649999999999	0.0287038233	-0.09127719720000001	-0.0557146711	-0.0700916186	-0.045111035599999995	-0.0561906137	0.0021254139000000003	-0.0453510334	0.036806842400000005	-0.0466048909	-0.1028992598	-0.043481628700000004	0.0330909833	-0.07996535839999999	-0.0852137456	0.0244216092	0.1011321603	0.0328173	0.0746652	-0.055419	-0.000505383	-0.000560208	0.00129605
591.4755498282848	466.6607869480371	473.91444377731386	1.20092344	34.60597229	0.91727477	0.05634684999999999	0.0773670117	-0.14717614029999998	-0.052102952800000005	0.0201801437	-0.0980154213	0.04727720059999999	0.0770212217	-0.019029680400000002	0.1421752788	0.0246423429	-0.10500091789999999	-0.0040340828	0.0315322563	-0.0819495091	-0.0824321958	0.0307497663	0.1015312882	0.0263863	0.0947426	-0.0655026	-0.000579165	-0.000854533	0.00126906
589.9350385727598	466.611921129041	473.4319431118208	1.34130788	38.65130997	0.95146215	0.05672485	-0.0454590535	0.028042453	-0.0560947301	0.1427706756	-0.0692182999	-0.0021261969	-0.011975402	0.0431861385	0.0736995132	0.12766914	0.008632184499999999	-0.0124617668	0.0299652604	-0.0838477061	-0.07945613230000001	0.0369489482	0.1012651448	0.0227035	0.121612	-0.0509282	-0.000600223	-0.00100529	0.00120891
588.3011058521431	466.88304081416084	473.1801467752487	1.35201681	38.9598999	0.94279641	0.126295	-0.0718885431	0.0889081533	-0.0839987014	-0.1138868705	-0.1088799375	-0.017973030600000002	-0.0875145551	-0.029044346600000003	-0.10350349240000001	0.0652529955	-0.0472687586	0.0056216212	0.0283904067	-0.08565795849999999	-0.07629257769999999	0.0429931534	0.1003354737	0.0349409	0.0560594	-0.0808746	-0.000569907	-0.0008027839999999999	0.00134726
587.9699601231972	467.2551738656625	474.4167137727828	1.24898016	35.99077988	0.9987914	0.11741664999999997	0.09948883019999999	0.0596317147	-0.011278185800000002	-0.06324981860000001	-0.107189484	0.043107923	0.0841149019	-0.009934071	-0.0792164482	0.0239121681	-0.0337432064	0.0532258653	0.026808108100000002	-0.0873783674	-0.0729489968	0.0488570303	0.0987483665	0.0327837	0.138508	-0.0552661	-0.000588407	-0.000866641	0.00140895
592.1024455758007	468.09577194610006	476.0949515604957	1.16994619	33.71332932	0.97035795	0.05706785	0.01309	0.0038463672	0.1547929158	-0.012188121100000001	-0.0642402822	0.0343567828	0.0508402959	0.13264614560000001	-0.031511321	-0.10109933060000001	0.0207026036	0.099186997	0.0252187796	-0.0890071286	-0.0694332796	0.054515983899999995	0.09651422259999999	0.0327947	0.159617	-0.0552119	-0.00106139	-0.000713231	0.00131747
591.9490037206722	468.07072073994937	475.44590317569384	1.27921247	36.86196136	0.99667805	0.1594384	-0.10668059279999999	-0.1226037556	0.050321065899999996	-0.0586427737	0.068740012	-0.0018140276000000002	-0.1014943433	0.0387020245	0.0299536244	-0.1523676291	-0.011911175500000001	0.0649948573	0.023622837799999997	-0.0905425335	-0.065753722	0.0599462785	0.0936476809	0.0327813	0.0513384	-0.0733119	-0.000516788	-0.000778927	0.00126684
591.8204766739759	467.19139418783766	474.5780079968482	1.47159648	42.40572357	1.11506784	0.10570425000000001	0.0979412445	-0.060564302800000004	-0.0108263512	0.0659161952	0.0743808497	-0.1019489731	0.08666942289999999	-0.0728820118	0.11729274519999999	-0.0333828248	0.026156215	-0.039939382200000005	0.022020701400000002	-0.09198297189999999	-0.061919006500000005	0.0651251376	0.0901675242	0.0348997	0.13572	-0.0721736	-0.000709496	-0.000792908	0.00142147
585.8560939675825	466.6425098271943	472.22030203546274	1.41183376	40.68359375	1.08701658	0.06566399999999999	-0.062951862	-0.0208756473	-0.12137037269999999	0.0062567907	-0.061808277	0.0743520663	-0.0450589697	-0.0321434417	0.08082019780000001	0.1606591727	-0.0347708008	0.0618307422	0.020412790400000002	-0.0933269328	-0.057938181799999995	0.0700308392	0.0860965556	0.0328036	0.15996	-0.0513755	-0.000866525	-0.000698711	0.0013021
589.2389108466483	466.86305148720237	476.1403323315788	1.35036314	38.9122467	1.12873411	0.24948375	-0.0608275404	0.11573947529999999	-0.0270953756	-0.0147338448	0.09958970130000001	0.1443064293	-0.0884789209	-0.0730784148	-0.1096974284	0.1455857072	-0.0217031011	0.1958075504	0.0187995265	-0.0945730066	-0.0538206416	0.0746428072	0.0814614498	0.0328221	-0.0158015	-0.0721909	-0.000216963	-0.000560876	0.00157247
592.1187411419163	467.3087006901956	477.2982134009243	1.45620859	41.96230316	1.13944185	0.23507720000000004	0.10450385050000001	-0.0176788155	0.1407197915	-0.043623101500000004	0.1259493519	0.08573671599999999	0.1224675805	0.049867448499999995	-0.0519944008	-0.07150349389999999	0.0015748482	0.10726304689999999	0.0171813328	-0.09571988640000001	-0.0495761017	0.0789416972	0.07629257769999999	0.0328424	0.177134	-0.0643083	-0.0007730089999999998	-0.000560876	0.00144374
589.9639305631299	468.01681342516684	475.3689956799733	1.49472153	43.07209778	1.13092732	0.18044755	-0.08784254640000001	-0.0320873772	0.04819859730000001	0.144159382	0.08924615710000001	0.0342628577	-0.0679832552	0.037351348799999996	0.1108767898	-0.0189748255	0.08681229800000001	0.0010259307	0.0155586335	-0.0967663693	-0.04521457809999999	0.0829094784	0.0706238077	0.0242614	0.121287	-0.0988803	0.000104529	-0.000167023	0.00108618
591.3872660602233	467.4541770598453	474.48243792711787	1.47005701	42.36136246	1.10881841	0.2475273	0.0065529883	-0.0009849591000000001	-0.0133666993	-0.0914610383	0.0932666353	-0.1324116049	-0.0449829465	-0.1179044175	-0.021145534599999998	-0.0870474992	-0.043052486900000006	-0.1216686283	0.0139318543	-0.09771135759999999	-0.0407463624	0.0865295084	0.0644922837	0.0177655	-0.032341	-0.0889089	0.00141196	-0.000377842	0.00111657
589.4351587845788	466.66283887758766	473.47757144675	1.37500215	39.6222496	0.98194748	0.18817015	0.0881601847	-0.1292972997	-0.019628733500000002	-0.011762034099999999	-0.0794340872	0.030331007000000004	0.084762419	-0.0411055647	0.0921189883	-0.029987231	-0.108932647	-0.0282671379	0.012301421699999999	-0.0985538602	-0.036181998300000004	0.08978660349999999	0.057938181799999995	0.0329008	0.07669249999999998	-0.0940387	0.000357793	-0.000383456	0.00123422
589.4429197292718	466.26475095559766	473.60340848815895	1.35642433	39.08690643	0.97791827	0.15484874999999998	-0.0441946109	-0.049916078600000004	-0.0142944419	0.13497958869999999	-0.09317878689999999	-0.0778084684	-0.0051171011	0.0915513507	0.1291854292	0.1092531583	-0.04266622900000001	-0.1172595273	0.0106677633	-0.0992929934	-0.0315322563	0.0926671025	0.0510044471	0.0243131	0.162161	-0.0640271	-7.856199999999998e-05	-0.00054497	0.0012164700000000003
589.2979036972779	467.02037741029073	473.9820186376413	1.15547121	33.29621506	0.93638408	0.2069205	-0.11701387810000001	-0.028650412200000003	-0.0980668961	0.0196454973	-0.0006338783	0.04292784980000001	-0.1060556413	-0.0311256707	0.1012129968	0.1074422671	-0.025743860499999997	0.0312207048	0.0090313074	-0.09992798189999999	-0.026808108100000002	0.0951589234	0.043736511799999996	0.0119208	0.0759807	-0.08230379999999998	0.00142831	-0.000670592	0.00104754
590.0783984530066	467.37894870223573	473.66775297299347	1.25038409	36.03123856	0.9891867	0.06054655	0.040581747200000004	-0.0092669467	-0.14863956890000002	0.0259417797	0.0144358314	0.08880963119999999	-0.0042476293	-0.1149936709	0.080520954	0.0624357681	0.012116789499999999	0.0326311185	0.007392483199999999	-0.1004581598	-0.022020701400000002	0.0972516147	0.036181998300000004	0.005533	0.0938979	-0.0913401	0.00186916	-0.000679288	0.000952981
590.9503563046078	467.6943207620958	473.979331572184	1.29195416	37.22912598	0.96502209	0.18272555	0.0766012452	0.0395549669	-0.0521908601	0.1013555152	-0.0026721289	-0.0102590256	0.085783249	-0.0202351454	0.0306426144	0.051155241100000005	0.09650831	-0.0370255117	0.005751720500000001	-0.100882971	-0.0171813328	0.0989363989	0.0283904067	0.015533	0.143342	-0.0615429	0.000582287	-0.0009497310000000002	0.00126535
588.2564501984099	467.37840514473936	473.9758788027197	1.33859766	38.57321167	0.99035662	0.08287494	-0.0807194833	0.1381838897	0.0175268424	0.0234588876	-0.09123035269999999	0.008403822	-0.0594652621	0.0518038133	-0.0759949426	0.0734667241	0.0509924411	-0.026667327299999998	0.0041094495	-0.10120196990000001	-0.012301421699999999	0.10020620960000001	0.020412790400000002	0.00946766	0.08955549999999998	-0.0688484	0.000697982	-0.0009594680000000002	0.00145427
589.5662849015382	467.1682726108012	474.6690606108006	1.21225858	34.93260574	0.89195663	0.04122469000000001	-0.0445803438	0.0860100475	-0.0483542734	-0.1162752186	0.0079978711	0.0033642279	-0.0610060281	-0.0413351583	-0.1256850338	0.0398439039	-0.0156364358	-0.006020821	0.0024661008	-0.1014148218	-0.007392483199999999	0.1010557205	0.012301421699999999	0.0124475	0.0720701	-0.0770601	0.00078786	-0.0008916809999999999	0.00136098
591.317187872704	467.5641659193973	475.6688183227805	1.24442494	35.85951614	0.96053606	0.1212975	0.1279523054	0.0462263526	0.0571027838	-0.0344130374	0.0165762428	0.0028145689000000002	0.10453672619999999	-0.0215322735	-0.101361514	-0.026074415400000002	0.008667026500000001	0.013137026000000001	0.0008221055	-0.1015213037	-0.0024661008	0.1014813686	0.0041094495	0.0252064	0.147448	-0.0688458	0.000490686	-0.000731527	0.00131938
590.9492683217069	467.8296394010164	474.76763524617235	1.21566749	35.03083801	0.9809075	0.07712406249999999	-0.0035023535	-0.0549286433	0.1247343153	-0.012222809	-0.053730959	-0.02552484	0.0443117013	0.1318562617	-0.0196278668	-0.11241121609999999	-0.013705653100000001	-0.045236375999999995	-0.0008221055	-0.1015213037	0.0024661008	0.1014813686	-0.0041094495	0.0337696	0.157442	-0.0506417	-2.48925e-06	-0.000731527	0.00163346
590.3601739356483	467.5149671714354	474.174989526981	1.20408547	34.69709015	0.95521104	0.2208336125	-0.0891129785	-0.0789984767	-0.08398003539999999	0.0943426085	0.011992736100000002	-0.0393897127	-0.10133805929999999	-0.0432239927	0.1105213986	-0.0019731911	-0.0035203560999999997	-0.0356897942	-0.0024661008	-0.1014148218	0.007392483199999999	0.1010557205	-0.012301421699999999	0.0290583	0.0256497	-0.0688628	0.000923301	-0.000868815	0.00189256
588.5305856233473	467.02916265833846	473.43366131634133	1.18548584	34.16112137	0.92761534	0.09446635	0.010748408300000001	0.0723974199	-0.099033488	-0.014904764099999999	-0.059507570700000005	-0.0855098573	-0.023427527599999998	-0.06729071519999999	-0.0390981269	0.085967565	0.015548061799999999	-0.1188485651	-0.0041094495	-0.10120196990000001	0.012301421699999999	0.10020620960000001	-0.020412790400000002	0.0299499	0.090514	-0.0618585	0.000640636	-0.000731527	0.00187839
586.552826128639	466.7796222058555	473.54990341616036	1.18724155	34.21171188	0.96919596	0.14081306	0.09868508919999999	0.0792407698	-0.0259390291	-0.0304122538	-0.12468293009999999	0.0816510893	0.09430710310000001	0.0151086248	-0.0717049043	0.0885254309	-0.0828901074	-0.0028311698	-0.005751720500000001	-0.100882971	0.0171813328	0.0989363989	-0.0283904067	0.0421614	0.153951	-0.0513679	-3.47602e-05	-0.00104365	0.00198435
592.283715615794	467.6993214910699	476.19752964654737	1.35621214	39.08079147	1.09847045	0.19167271	-0.0607463055	-0.0215775512	0.0286870001	-0.0015614622	0.0384666948	0.030232866	-0.0698870393	0.062432595800000004	-0.0318126345	-0.014834304199999999	-0.015556877299999999	0.09028973789999999	-0.007392483199999999	-0.1004581598	0.022020701400000002	0.0972516147	-0.036181998300000004	0.0499604	0.0238793	-0.046024	0.000760961	-0.000948329	0.00206247
589.4790407615824	468.6451047416784	475.3978802853797	1.28180575	36.93668747	1.01055014	0.045514599999999995	0.0630115366	-0.027462028700000002	-0.029582513300000002	-0.0656799299	0.0588728843	0.07232191240000001	0.0363169398	-0.089373186	-0.0352118561	-0.1025883235	0.0648204745	0.1393492333	-0.0090313074	-0.09992798189999999	0.026808108100000002	0.0951589234	-0.043736511799999996	0.0417698	0.0422463	-0.0438183	0.000687406	-0.00115278	0.00200545
591.8413417682765	468.21215440071336	474.7387821031248	1.30562162	37.62297058	0.99006265	0.19420711	0.06544057980000001	-0.0852849474	0.12133420140000001	0.044788107	0.0246812247	-0.0333991833	0.0907759664	0.040973479900000005	0.020117998600000003	-0.1124363677	0.0752228338	0.0610617076	-0.0106677633	-0.0992929934	0.0315322563	0.0926671025	-0.0510044471	0.0499457	0.172773	-0.037311	2.11918e-05	-0.00096188	0.00188262
589.0384681301997	467.5984100417195	473.6141114442332	1.30139887	37.50128555	1.03524458	0.15576071	-0.1073743304	-0.0572708195	0.0476709104	-0.022197091600000003	-0.050375614299999996	-0.0763721027	-0.0952753551	0.0785058715	0.0501125764	-0.0868325848	-0.027316339199999998	-0.0511655061	-0.012301421699999999	-0.0985538602	0.036181998300000004	0.08978660349999999	-0.057938181799999995	0.0499636	0.0660336	-0.0498054	0.000300212	-0.00115278	0.00214288
588.5514265402508	466.7315037784186	473.490108029262	1.29596543	37.34471512	0.96887612	0.09261015	-0.0010629863	-0.0064169618999999995	-0.0673943166	-0.08924555070000001	-0.0042607375	-0.07933138719999999	-0.0392564139	-0.0683464411	-0.0169879773	0.0160802724	-0.09128541050000001	-0.1089438718	-0.0139318543	-0.09771135759999999	0.0407463624	0.0865295084	-0.0644922837	0.0536135	0.0196472	-0.0485135	0.0007707909999999998	-0.00120361	0.00183865
589.7382103772825	466.334435026735	474.7071951505291	1.32084942	38.06177521	0.97432482	0.17681665	0.0957919609	0.0098817079	0.0028711567	0.0244002918	-0.025281437200000003	0.1225749374	0.0983204072	0.0142981462	0.0101249179	0.103025183	-0.09569918279999999	0.0238810615	-0.0155586335	-0.0967663693	0.04521457809999999	0.0829094784	-0.0706238077	0.049931	0.134669	-0.049889	0.000103724	-0.00158261	0.00174998
588.463142772189	466.64797258004137	474.7974763073738	1.36221015	39.25363159	1.00270557	0.08535540000000001	-0.08312012790000001	0.0758792286	0.0525927229	0.0846832821	0.0139624925	0.09729527710000001	-0.0424568959	0.0886834972	-0.0265514529	0.0919032876	-0.0168377878	0.045729074	-0.0171813328	-0.09571988640000001	0.0495761017	0.0789416972	-0.07629257769999999	0.0499503	0.0953691	-0.0665229	0.00056816	-0.00150659	0.00179757
589.7251908485683	467.29458857867513	474.9005682187484	1.22009635	35.15846252	0.92288303	0.10877274	-0.0390562043	0.1007443915	-0.0594841358	-0.0565914391	0.0880391817	-0.0046968256	-0.0643324133	-0.0814119393	-0.1014126456	0.0180939429	0.042619557300000006	0.0001351096	-0.0187995265	-0.0945730066	0.0538206416	0.0746428072	-0.0814614498	0.0499388	0.00588011	-0.0716552	0.000767469	-0.0014231	0.00179757
590.368007412536	467.0705545617482	474.32862689093577	1.23906517	35.7050705	0.93784869	0.18501524	0.0967275892	0.0721796594	0.0092624339	-0.0296276054	0.013614623700000002	-0.0542572813	0.0826492202	-0.0272689829	-0.0877317069	0.021875693199999997	0.028390625899999997	-0.08603944320000001	-0.020412790400000002	-0.0933269328	0.057938181799999995	0.0700308392	-0.0860965556	0.0499551	0.13338	-0.066477	-0.000102428	-0.00133658	0.00188757
588.8100400758002	467.4322852816461	474.7545294645919	1.18061054	34.0206337	0.90287656	0.0698521	-6.5859e-05	0.0572766522	0.0790167769	0.0259216118	-0.08011179	0.026359754500000002	0.0472595533	0.10008721220000001	-0.04188591	0.049935491900000004	0.0117896626	-0.0449513215	-0.022020701400000002	-0.09198297189999999	0.061919006500000005	0.0651251376	-0.0901675242	0.0499628	0.153414	-0.0490852	-0.00025842	-0.00108902	0.0016427499999999997
589.5921547171832	467.9672681592997	475.49318984675017	1.20772755	34.8020401	0.96278006	0.21885225	-0.0855917424	0.0585830919	0.034961948199999995	-0.08521899699999999	0.011532598400000002	0.050512002199999996	-0.09624759150000001	0.011967765	-0.1169747423	-0.0392201566	0.0253267898	0.0448447546	-0.023622837799999997	-0.0905425335	0.065753722	0.0599462785	-0.0936476809	0.0499551	0.00695935	-0.0648792	0.000527378	-0.00126555	0.00181234
590.9094239701353	468.2187925966474	475.1656481441965	1.37201393	39.53614044	0.99343067	0.0340611	0.0714151324	0.0016461385	0.044316031500000005	-0.0682978942	0.0891852193	-0.0952088926	0.0459478847	-0.0502407835	-0.0687780446	-0.1101422823	-0.022543810499999997	-0.013056138500000002	-0.0252187796	-0.0890071286	0.0694332796	0.054515983899999995	-0.09651422259999999	0.0499712	0.0255097	-0.06968480000000002	0.000688389	-0.0013183200000000004	0.00181234
590.7634771083243	467.6089482626965	473.8845818610552	1.29633307	37.35530853	0.9619875	0.205352505	0.0244112659	-0.1393528392	0.0731158315	0.0453316349	-0.027957709900000002	-0.011677576100000002	0.0568916446	0.0713006172	0.102253624	-0.0656532821	0.0069645739	-0.0187047376	-0.026808108100000002	-0.0873783674	0.0729489968	0.0488570303	-0.0987483665	0.0499795	0.164837	-0.0490551	-1.09251e-05	-0.00119697	0.00189942
588.362020805897	467.073442210951	473.5645519321754	1.39711249	40.25938416	1.03328097	0.165172355	-0.1255823785	-0.0241010969	-0.0969476125	0.0501606312	-0.0009668389999999999	0.0250691291	-0.12982978550000002	-0.0145274332	0.07290458820000001	0.0806568607	-0.0163308665	0.0298721345	-0.0283904067	-0.08565795849999999	0.07629257769999999	0.0429931534	-0.1003354737	0.0500095	0.0626348	-0.0685581	0.000401678	-0.0014311800000000004	0.00212135
586.7869721376184	466.52819968553945	474.3476139767191	1.31077576	37.771492	1.01098537	0.06943165	0.051950965700000004	0.0510127816	-0.1315724526	-0.0036546256	-0.0034594439000000003	0.11820629199999999	0.0321914442	-0.0952685031	0.011102016499999999	0.1431049627	-0.046890754900000005	0.09206564800000001	-0.0299652604	-0.0838477061	0.07945613230000001	0.0369489482	-0.1012651448	0.0526037	0.108479	-0.0685449	0.000124477	-0.0014311800000000004	0.00197895
590.1988986036333	467.47070120775976	476.0189264491729	1.2014358	34.62073517	0.97442555	0.12921105000000002	0.04759947230000001	0.1081878632	0.0503858842	0.09657312039999999	0.043137668899999995	0.045111153200000004	0.0930977717	0.0589951247	-0.0456942604	0.0762723586	0.0972081185	0.0327260143	-0.0315322563	-0.0819495091	0.0824321958	0.0307497663	-0.1015312882	0.049719	0.189574	-0.0618022	-0.00012250600000000004	-0.0011493400000000002	0.001738
590.3619993291821	467.6643843329392	475.67286546119385	1.39257503	40.12863159	1.05630088	0.25849351000000004	-0.0967997674	-0.016877976200000002	0.0748430073	-0.0723118255	0.030062132400000004	-0.014008248300000001	-0.0951303963	0.0498161647	-0.0357816765	-0.126715458	-0.0049592826	-0.0121433013	-0.0330909833	-0.07996535839999999	0.0852137456	0.0244216092	-0.1011321603	0.0462041	0.00721444	-0.0785411	0.000580627	-0.0014311800000000004	0.00187063
590.1161393709704	467.3807016751641	474.5313714280766	1.35958314	39.17793274	1.02297771	0.11114231	0.0634145624	-0.0761510997	-0.1118333415	0.06300884	0.0352252116	0.016592968	0.0142423964	-0.1014365332	0.1111636394	0.0130032579	0.0202425822	-0.006815631	-0.0346410328	-0.077897335	0.0877942181	0.0179910194	-0.100070376	0.0520064	0.0726302	-0.0685224	0.000352216	-0.00122959	0.00203874
588.8002965844887	467.1708205365699	474.6432555413507	1.2898165	37.16752625	0.89274752	0.029874349999999987	0.0654520987	0.0940022865	-0.0083841466	0.06624412360000001	-0.0081987252	-0.0582355237	0.0641657924	-0.0208731294	-0.0513749958	0.05337786	0.0651196046	-0.0721096348	-0.036181998300000004	-0.0757476081	0.0901675242	0.011484969	-0.0983528927	0.0507807	0.08704349999999998	-0.0685283	0.000262847	-0.00125056	0.00186449
588.9533032464553	466.8864584319252	474.8599963348027	1.27404296	36.71299362	0.95796722	0.13061600000000004	-0.0395552277	0.0598557798	0.12068570949999999	-0.0138140456	-0.060430272800000004	0.033009432799999995	-0.0022501387	0.1216026523	-0.055968379400000004	0.0230619668	-0.013563048999999999	0.0034889667	-0.0377134758	-0.0735184324	0.0923280636	0.0049307466	-0.095990964	0.0507679	0.166871	-0.0684736	-0.000330483	-0.0010509400000000002	0.00164302
589.6651462811369	467.66225766423116	475.7478826982377	1.22007418	35.15782166	0.96838373	0.23098997000000004	-0.0635394896	-0.0460690287	0.0320669723	-0.14450243529999998	0.0773094095	0.0161255396	-0.0903298156	-0.0119402211	-0.055838735	-0.0833379492	-0.0742750465	0.0718463368	-0.0392350634	-0.0712121461	0.0942707383	-0.001644157	-0.0930000661	0.05317	-0.00440317	-0.08158369999999998	0.000361119	-0.00103802	0.00182257
591.7313587856902	468.35173996598684	475.9897421423024	1.33345461	38.42500687	1.06540787	0.22413712	0.1214094675	-0.09583782769999999	0.0929445429	-0.022096140099999998	0.057678073200000006	0.0077451981000000005	0.1347228778	0.0051826215	0.0155126876	-0.1497403132	0.0095329241	0.0828870386	-0.0407463624	-0.068831168	0.095990964	-0.008212164499999999	-0.0893997965	0.0509597	0.182531	-0.08139159999999998	-1.6392e-05	-0.00118498	0.00165103
590.8823090185035	468.3457268611736	475.02328940764465	1.39545715	40.21168137	1.0284704	0.159715	-0.0548247255	-0.0430502621	0.0167845243	0.16132825369999998	0.0647080434	-0.0670009585	-0.037217412799999995	0.0233445037	0.1293165564	-0.0378867251	0.1401504271	-0.0221054851	-0.0422469764	-0.0663779955	0.0974846817	-0.0147457273	-0.0852137456	0.042671	0.0638552	-0.0706439	0.000240584	-0.00114986	0.00179899
588.9443938753673	467.716192156888	473.6338550649825	1.31976652	38.03057098	0.96442437	0.11012435	-0.0592965	-0.0174442208	-0.034297955299999995	-0.1018068907	-0.0019186501	-0.1818079698	-0.0851103285	-0.0431852978	-0.0252046719	-0.0767077566	-0.0163437769	-0.1011804284	-0.043736511799999996	-0.0638552017	0.0987483665	-0.021217441400000002	-0.0804693419	0.0498834	0.0338819	-0.08580999999999998	0.000925317	-0.000916262	0.00203611
586.6664961643881	466.9636639799295	473.50404261933824	1.27919471	36.86144638	0.96597308	0.10958135	0.08368993400000001	-0.0764080155	-0.0188993292	-0.0478642446	-0.0873491295	0.022190564700000002	0.0730920142	-0.0395634921	0.026747649100000003	-0.013452877700000001	-0.11343338210000001	0.0157591264	-0.04521457809999999	-0.061265432599999996	0.0997790366	-0.0276001621	-0.0751976726	0.0518248	0.0955717	-0.0805923	0.000458658	-0.000939142	0.001711
590.0945489547355	467.116974372007	475.0681437684671	1.31894052	38.00676727	0.96666783	0.15665606	-0.0376530199	-0.062387081399999995	0.0790616584	0.039526246200000004	-0.0556652431	0.0322525945	0.015154395800000001	0.1297696809	0.0812829208	0.0288669252	-0.0322384046	-0.030056424100000003	-0.046680787599999995	-0.0586114046	0.10057426009999999	-0.0338671182	-0.0694332796	0.0471781	0.193583	-0.0599662	-1.83842e-05	-0.000797725	0.00166202
589.8083852743935	468.2595526144665	475.0281171722032	1.24102592	35.76156998	0.9527424	0.23165531000000006	-0.10049583150000001	-0.1127550894	-0.0376716114	-0.026507651400000002	0.04977313059999999	0.0050892226	-0.09642700800000001	-0.011821934	0.10637289960000001	-0.0459393473	0.000569919	0.07064237599999999	-0.0481347559	-0.0558959012	0.1011321603	-0.0399920239	-0.0632139335	0.0502412	0.025226	-0.0775569	0.000542791	-0.0007467799999999998	0.00190279
589.6075436308822	468.16026504313913	474.28324773791877	1.33569193	38.48947906	0.97942054	0.036764000000000005	0.0463104158	-0.050933033899999994	-0.1221766717	0.0732959286	0.0411848329	0.0285419951	0.0184133479	-0.12251493390000001	0.1047231151	-0.0107856128	0.0723174759	0.028746175699999998	-0.0495761017	-0.0531217708	0.1014514208	-0.045949189	-0.056580385700000006	0.0497061	0.0418925	-0.0771052	0.000586685	-0.00099678	0.00199111
588.7130887106291	467.357158841068	473.82173678249063	1.33980572	38.6080246	0.93135983	0.15172705	0.0345484711	0.10529825599999999	-0.0124824439	0.0806051052	-0.0335562697	-0.0817861144	0.052568854500000005	0.021094662200000003	-0.0326605124	0.05973084309999999	0.11267998039999999	-0.0845204708	-0.0510044471	-0.0502919229	0.1015312882	-0.0517136274	-0.0495761017	0.0463824	0.163834	-0.0643258	0.000536606	-0.00108229	0.00185305
588.1320816641347	467.1191214241209	474.5554546973118	1.35521853	39.05216217	0.9935022	0.1771525	-0.08521433279999999	0.0793692387	0.0140422299	-0.1016880208	-0.04534683230000001	0.011479198000000001	-0.08483918480000001	0.0366755053	-0.1015316292	0.0054637217	-0.017684656200000003	-0.008203973100000001	-0.0524194174	-0.0474093258	0.1013715742	-0.0572611608	-0.0422469764	0.0543737	0.0518416	-0.08846039999999998	0.000618659	-0.000587159	0.00193655
589.0687140548471	467.3315776663585	475.0281973562796	1.32574713	38.20290756	1.02062333	0.17303955	0.1048103622	0.013608329399999999	0.037917103	-0.058365282000000004	-6.0273900000000006e-05	-0.006578263199999999	0.0964877158	-0.0266081713	-0.0492674179	-0.0324880984	-0.020551849599999998	0.0279129675	-0.0538206416	-0.0444770029	0.1009726556	-0.0625685209	-0.0346410328	0.0486861	0.156581	-0.0750068	0.000160788	-0.000947117	0.0017712
590.2716121275126	467.8020266801603	475.18211788148176	1.26117492	36.34218597	0.95719773	0.0673902	-0.0098351049	-0.080136581	0.1317120391	-0.0021483934	-0.030522380099999996	0.0288791165	0.026346924100000002	0.1116648831	0.016241961	-0.1249940982	-0.0242312877	-0.0135460927	-0.0552077523	-0.0414980297	0.1003354737	-0.06761344700000001	-0.026808108100000002	0.0483864	0.129297	-0.0587199	-0.000156364	-0.000866317	0.00184364
590.589327311982	467.7915156370582	474.57492324712547	1.21589077	35.03727341	0.93706727	0.13589425000000002	-0.0848229221	-0.0468726279	-0.0671466852	0.0972982001	0.0803254351	-0.0350435489	-0.0956607433	-0.0381119997	0.1144217199	-0.0124203054	0.0590865395	0.014521594799999999	-0.056580385700000006	-0.0384755308	0.09946153199999999	-0.0723747788	-0.0187995265	0.0505521	0.0468899	-0.0726249	0.000427689	-0.0007735109999999998	0.00191511
588.6829515842737	467.29903216121454	473.87318097990783	1.15511799	33.28603745	0.90018451	0.052097	-0.006924667099999999	0.0730523648	-0.0851507451	-0.0535832116	-0.0061775127	-0.1310915738	-0.0428637886	-0.0772547982	-0.032605561400000004	0.0203040314	0.0174520401	-0.0879617682	-0.057938181799999995	-0.0354126764	0.0983528927	-0.0768325456	-0.0106677633	0.0435154	0.0346026	-0.0701421	0.000882786	-0.000842078	0.00199725
587.3290052188622	466.3820234856127	473.8828843318086	1.1381321	32.79656982	0.90536708	0.14709629999999999	0.0987010616	-0.033323129900000005	0.0356481786	-0.0494831081	-0.0743785466	-0.0372120613	0.08926467560000001	0.0060188099	-0.045622893	-0.0025144157999999997	-0.1198985885	-0.0101704265	-0.0592807847	-0.032312679	0.097012172	-0.08096805	-0.0024661008	0.0580894	0.127271	-0.071873	0.000502588	-0.0010524000000000002	0.00182531
588.7127985818553	466.4883229486528	474.747548595792	1.20120502	34.61408615	0.90480083	0.08110739999999998	0.0029690549	-0.0757526159	0.0668071378	-0.001331665	-0.0753911645	0.0193482315	0.055915806299999996	0.10518959060000001	0.0519535618	-0.024063338599999998	-0.0762240819	-0.0351156735	-0.060607842300000006	-0.02917879	0.0954425335	-0.0847639462	0.005751720500000001	0.0454803	0.145581	-0.0548153	0.000106076	-0.00121337	0.00172018
589.1072890930353	467.48049203717653	474.6606082023985	1.25343037	36.11901855	0.98513973	0.2020678	-0.10254287890000001	-0.0253428581	-0.07346379980000001	0.0793760605	0.0381020476	0.0383075874	-0.11670395	-0.0426611675	0.0675621013	0.0435726934	0.0597481983	0.0274554223	-0.061919006500000005	-0.0260142966	0.0936476809	-0.088204313	0.0139318543	0.0459476	0.023932	-0.0624341	0.00128485	-0.0010524000000000002	0.00161327
587.0890687231093	467.4517718179206	473.85570228962695	1.25697923	36.22128296	0.94802594	0.0919165	0.024300751800000003	0.1078366707	-0.083789114	-0.0565436838	-0.0021392746	-0.0575040204	-0.0112805164	-0.0951887784	-0.0827517804	0.0483795993	0.041500965	-0.05150910349999999	-0.0632139335	-0.0228225177	0.0916318497	-0.09127472029999999	0.022020701400000002	0.0424093	0.0824425	-0.0589919	0.00096607	-0.00119795	0.00167745
588.6832779791439	467.4883396485424	475.3003728533126	1.17907202	33.97629929	0.9481113	0.09974304999999997	0.0812101875	0.0131515131	0.0535800521	-0.044622825	-0.06714583240000001	-0.020824867099999998	0.0874961932	0.011949246399999999	-0.056529652699999995	-0.045141865499999996	-0.061710889000000005	0.027999032400000002	-0.0644922837	-0.0196068011	0.0893997965	-0.0939622897	0.0299652604	0.0448019	0.141403	-0.0655287	0.000910016	-0.000767031	0.00182754
588.9398485245807	467.41947770811885	475.79397703567656	1.31782341	37.97457886	1.02725732	0.038480299999999995	-0.1001626658	-0.09371888380000001	0.0643979881	0.0295780816	-0.0277095484	0.06131954480000001	-0.0631050501	0.1142048122	0.09045797439999999	-0.042432814900000004	-0.008472532	0.0455828509	-0.065753722	-0.0163705198	0.0869567883	-0.0962557485	0.0377134758	0.0436407	0.13097600000000004	-0.0674925	0.000584534	-0.0008497449999999998	0.00173717
589.7980857029316	467.534854581363	475.45910334436456	1.28949308	37.15820694	0.9768275	0.1889928	-0.0084697676	-0.023639204599999998	-0.1123096369	0.042323294000000004	0.11069458289999999	0.0414305868	-0.0488878137	-0.11822426529999999	0.0896760609	0.013742234499999999	0.053965573899999994	0.0386607883	-0.0669979174	-0.013117068	0.0843085898	-0.0981454774	0.04521457809999999	0.0401097	0.0144365	-0.08674809999999998	0.00129816	-0.000594137	0.00171307
588.8061233373575	467.1371199717455	474.7599785658466	1.23841238	35.68626022	0.96535456	0.23198865	0.09359707630000001	0.045535657699999996	-0.0303155774	0.0607511289	0.05902865349999999	0.0160666626	0.09194979439999999	-0.0421876	-0.0070794091000000005	0.0652699032	0.0872788399	-0.0006834708999999999	-0.06822454389999999	-0.009849858199999999	0.0814614498	-0.0996235499	0.0524194174	0.0475531	0.14578	-0.0767404	0.000264842	-0.0012046200000000004	0.00173315
587.9123937390385	466.67154938648076	474.3381853361859	1.23389852	35.55618668	0.94298154	0.12850499999999998	0.0119161251	0.09913185990000001	0.0775655158	-0.0176206752	-0.0481881427	-0.029262467099999998	0.0354132027	0.0504871222	-0.0884731926	0.015929656299999997	-0.049329259900000005	-0.047932256500000006	-0.0694332796	-0.0065723173	0.0784220868	-0.1006837667	0.0592807847	0.0451799	0.0659283	-0.0598104	0.000546788	-0.000952744	0.00167997
587.3093973492473	466.0973896022191	474.06348673753286	1.34143662	38.65501785	0.97437429	0.10912439999999998	-0.1116242067	-0.06230546730000001	-0.0865605511	-0.0121010367	-0.0109553835	-0.0357409849	-0.1104314076	0.0039081199	0.06077963769999999	0.09803092460000001	-0.072445341	0.012823898899999998	-0.0706238077	-0.0032878828999999997	0.0751976726	-0.1013216808	0.065753722	0.0436965	0.113366	-0.0889738	0.00081335	-0.00102773	0.00195922
584.8871968395081	466.5166558831929	474.4455180143322	1.21577132	35.03383255	0.95486927	0.08414005000000001	0.004382441	0.0311290364	-0.16917917079999997	0.0181878258	-0.0324988791	0.1545917997	-0.0353923253	-0.0873363142	0.026222887900000002	0.1649574975	-0.0452357452	0.1335334664	-0.0717958159	-0.0	0.0717958159	-0.10153461650000001	0.0717958159	0.0501366	0.08473999999999998	-0.0889258	0.0012239	-0.000619891	0.00212135
589.4703610757732	467.2508865559036	475.96246643217177	1.23317528	35.53534698	0.97411442	0.21177805	0.10776657369999999	0.0920000302	0.0036939441	0.0308076284	0.0429028895	0.0478705497	0.10471324789999999	-0.024286928	-0.0588693929	0.0693373588	0.09141013210000001	0.0242459239	-0.0729489968	0.0032878828999999997	0.06822454389999999	-0.1013216808	0.0773674764	0.0438917	0.170061	-0.0586338	0.000141836	-0.00092063	0.00170575
588.3847596485265	467.78404851594115	475.5351777167518	1.30032277	37.47027588	0.98028308	0.08471604999999999	-0.0022758442	0.0739474448	0.1316351634	-0.0085625607	-0.0195882678	0.0552400327	0.025695711099999997	0.0798658788	-0.0765573566	-0.0373771939	0.0267546504	0.0181118579	-0.0740830482	0.0065723173	0.0644922837	-0.1006837667	0.0824321958	0.0456732	0.105921	-0.0551871	0.00037042	-0.000992723	0.00169947
589.691269959457	467.03627646708253	475.2952141047106	1.2728157	36.67763138	0.96518409	0.15496195	-0.0821919488	-0.0810530066	-0.0330910112	0.0471412758	0.0884576717	-0.029096991000000003	-0.09501400550000001	-0.005476712	0.0827032389	-0.0263485846	0.0038045668	-0.0388659733	-0.0751976726	0.009849858199999999	0.060607842300000006	-0.0996235499	0.0869567883	0.0318582	0.0373034	-0.0604641	0.00130464	-0.00120026	0.00190276
585.2752198967761	466.7248044322658	474.72933674259394	1.26528299	36.46056747	0.98468816	0.12145025	0.0580446059	0.0938221739	-0.1100983199	-0.0007830647999999999	-0.0325537433	0.0038335668	0.010569560700000001	-0.1076787726	-0.054228133600000006	0.08028509610000001	-0.0054768253	-0.0466686874	-0.07629257769999999	0.013117068	0.056580385700000006	-0.0981454774	0.09091160699999999	0.0386001	0.0854185	-0.0786245	0.0017123799999999997	-0.000733823	0.00180828
588.2122297378362	466.6972936284407	476.2993824802234	1.15425503	33.26116943	0.95281941	0.1455992	0.0696271327	0.0846261031	0.09950497960000002	-0.0134821247	-0.0321430407	0.0124618489	0.0860527643	0.0812618212	-0.0950688784	0.0197733062	-0.041632175	0.0030468644	-0.0773674764	0.0163705198	0.0524194174	-0.0962557485	0.0942707383	0.0431138	0.160138	-0.0642237	0.0008630759999999998	-0.0007766929999999998	0.00166115
587.4734772594061	467.1940780029792	475.92026353940554	1.09730852	31.62019157	0.93392748	0.08502972499999999	-0.0116036959	-0.0240407168	0.1057619434	-0.0069419434	-0.0378783165	0.0163215137	0.0358088721	0.09738423060000001	0.002332305	-0.0467524918	-0.018443256	0.0195302097	-0.0784220868	0.0196068011	0.0481347559	-0.0939622897	0.097012172	0.0451938	0.177782	-0.0727078	1.62565e-05	-0.00063803	0.0015102
587.9823268621715	468.0965261321274	475.6678999813948	1.14317238	32.94181061	0.98276848	0.225523525	-0.1030521556	-0.09919345630000001	0.0192143566	-0.0511365268	0.0215793799	-0.0165298111	-0.1085027549	0.025735492599999996	0.059043942800000006	-0.1288328235	-0.015139013	0.023841021	-0.07945613230000001	0.0228225177	0.043736511799999996	-0.09127472029999999	0.0991179452	0.0378268	0.051129	-0.0878344	0.00102902	-0.000918815	0.00174419
590.5269979804573	467.92232274875215	474.5910700906886	1.438748	41.45915604	1.0520153	0.13729054999999998	0.07175045349999999	-0.06721305059999999	-0.09953113279999999	0.058979228700000004	0.0699867569	-0.0416033171	0.0167828805	-0.1396195166	0.111402752	-0.0280951731	0.0669270674	-0.0411116267	-0.0804693419	0.0260142966	0.0392350634	-0.088204313	0.10057426009999999	0.0216069	0.07617269999999998	-0.0405187	0.00174126	-0.0011443	0.00170769
588.3806374022025	467.2370666065374	473.29091298586235	1.36541057	39.34585571	0.97057277	0.14936300000000002	0.0741246255	0.058170597000000004	-0.0071723744	0.08262252519999999	-0.0248856659	-0.2021352538	0.089893681	0.0061942609999999995	-0.026882342000000004	0.0351693685	0.10995699449999999	-0.1340586675	-0.0814614498	0.02917879	0.0346410328	-0.0847639462	0.1013715742	0.0281078	0.170386	-0.0416193	0.000978386	-0.00115241	0.00152771
585.6379413072465	466.8113863470962	473.4117031049051	1.31592369	37.91983414	0.99885577	0.1431094	-0.0746678214	0.06612179650000001	0.0590885443	-0.0465870574	-0.1388186878	-0.0378718671	-0.0509645396	0.08237750419999999	-0.0638073007	0.010994298799999998	-0.0626686143	-0.0683784353	-0.0824321958	0.032312679	0.0299652604	-0.08096805	0.1015046634	0.0374319	0.094658	-0.0336542	0.00153027	-0.00074525	0.00148491
587.4308162409908	467.0328928216626	474.07735336890937	1.2775048	36.81275177	0.95332879	0.13785504999999998	-0.0304416798	-0.058985754800000005	-0.022534455499999998	-0.1627630367	0.0130631932	0.0398941336	-0.0517867274	-0.0353981158	-0.0320146001	-0.0510748506	-0.1549901373	-0.0076143288	-0.08338132549999999	0.0354126764	0.0252187796	-0.0768325456	0.1009726556	0.0259458	0.0313348	-0.0343043	0.00254462	-0.000972223	0.0014915
588.1339795898622	467.3358038258989	474.35927662471903	1.34290314	38.69727707	1.02303016	0.2523355	0.09388801529999999	-0.08774385289999999	-0.0272394813	0.0540480114	0.0017744459	0.1280049688	0.10444405539999999	-0.0065549174	0.073811392	0.0330536435	-0.0104342067	0.0821598699	-0.0843085898	0.0384755308	0.020412790400000002	-0.0723747788	0.0997790366	0.0293482	0.199927	-0.0339154	0.00112292	-0.000959173	0.00132721
587.2045520636939	467.77582720879644	475.15586083273047	1.3864547	39.95226669	1.00207579	0.15585895	-0.0519861891	0.1524647005	0.046936275	0.0726164148	0.0101645197	0.0399251782	-0.032456530899999995	0.0345742604	-0.0806101922	0.039849419	0.11602856	0.0225129181	-0.0852137456	0.0414980297	0.0155586335	-0.06761344700000001	0.0979316276	0.0231954	0.101197	-0.0163786	0.00140851	-0.00119324	0.00147634
589.6049566493173	467.8731511786648	475.3355751009314	1.28979838	37.16700363	0.93084043	0.05279320000000001	-0.0822356048	-0.0487940049	-0.0028125452	-0.053784745300000006	0.10928335800000001	-0.0067724563	-0.0970952967	-0.0031732107	0.0253693644	-0.06440946759999999	0.027677396	0.0285874199	-0.0860965556	0.0444770029	0.0106677633	-0.0625685209	0.0954425335	0.0151928	0.100548	-0.0479522	0.00127127	-0.00130736	0.00147634
587.9157664860313	467.3026196406965	474.7264271033927	1.28430939	37.00883484	1.019701	0.1235034	0.0887158518	0.076025095	-0.0231072496	-0.0348228826	0.037097563300000004	-0.1009871266	0.0496301457	-0.10217382470000001	-0.0670243737	-0.0286108951	0.0286632579	-0.0837936692	-0.0869567883	0.0474093258	0.005751720500000001	-0.0572611608	0.0923280636	0.018579	0.0682163	-0.0586787	0.00254371	-0.00106374	0.00150146
587.3539683820885	466.6797027489384	474.5548907120086	1.2068584	34.77699661	0.96997923	0.1805529	0.032332317299999996	-0.0913578635	0.0328693672	0.0393069385	-0.060783278600000004	-0.022210151400000003	0.0603635994	0.0646528284	0.0819231428	-0.003812137	-0.0760886507	-0.032713703399999995	-0.0877942181	0.0502919229	0.0008221055	-0.0517136274	0.08860862539999999	0.0191194	0.181145	-0.0391499	0.00188441	-0.00118229	0.00132821
585.7940184987339	466.4399055645925	474.30764059679495	1.27845871	36.84024048	0.95163715	0.115933	-0.0846124603	0.0739996071	-0.038713340299999996	0.064288097	-0.040400802400000005	0.0331556851	-0.0708667461	0.025003559100000003	-0.010940661499999999	0.1490870353	0.004707586	0.0022136706	-0.08860862539999999	0.0531217708	-0.0041094495	-0.045949189	0.0843085898	0.0174988	0.118261	-0.0180905	0.00142873	-0.00129354	0.00136866
585.9551608550622	466.7570985420669	474.8826384480889	1.19758844	34.50987244	0.93165827	0.13472800000000001	-0.0283597052	0.0660238266	-0.0337142563	-0.15096284140000002	-0.010202068199999999	0.0711152846	-0.0550040995	-0.029688053	-0.1463224296	0.008528894	-0.1264188125	0.0378378773	-0.0893997965	0.0558959012	-0.0090313074	-0.0399920239	0.07945613230000001	0.0213745	0.0355093	-0.0368106	0.00186342	-0.0014284	0.0013506
585.8087304452946	467.1495130826815	475.59436794760717	1.25844598	36.2635498	0.96890897	0.14966285	0.0792039375	-0.0778909294	0.0008613319999999999	-0.0289594538	-0.0151063449	0.1698564822	0.0704315876	-0.0206666478	0.0328436234	-0.0036539767	-0.0823868957	0.1552296215	-0.0901675242	0.0586114046	-0.0139318543	-0.0338671182	0.0740830482	0.0256699	0.121022	-0.05795	0.00180767	-0.000869113	0.00150987
588.2058227274201	467.9545964751478	476.0003726450554	1.33311236	38.41514587	0.99529558	0.17798084999999997	-0.0104031175	0.0527967885	0.07831974559999999	0.1427683558	0.0624411535	0.0150404202	0.037869867200000004	0.0910890366	-0.0098384774	0.0135514182	0.1608000299	0.0009158691000000001	-0.09091160699999999	0.061265432599999996	-0.0187995265	-0.0276001621	0.06822454389999999	0.0178856	0.209317	-0.0218418	0.00130856	-0.00115824	0.00138224
588.0849115610299	468.1713536160814	475.0061332515165	1.37798488	39.70819855	1.00001216	0.1327518	-0.1045126856	-0.038938698199999996	0.0645332425	-0.0857891005	0.0126903991	-0.0505915357	-0.10376598810000001	0.0638685269	-0.0207468903	-0.1074656333	0.0060810047999999995	-0.0180405052	-0.0916318497	0.0638552017	-0.023622837799999997	-0.021217441400000002	0.061919006500000005	0.0185435	0.128381	-0.0426952	0.00107904	-0.00101876	0.00161933
585.8472450399877	467.7531268888211	475.48020038601373	1.27418005	36.71694565	0.99180281	0.14137694999999997	0.013583206499999998	-0.0739606498	-0.025304999300000002	-0.1252525732	0.0319763494	0.016628781699999998	-0.0099582997	-0.07141511860000001	-0.0143797427	-0.08706563310000001	-0.0861125143	0.0767763317	-0.0923280636	0.0663779955	-0.0283904067	-0.0147457273	0.0552077523	0.0348889	0.0481312	-0.0558735	0.00142873	-0.000794621	0.00156109
589.7098502896664	467.89886144828125	476.7869807674328	1.25831199	36.25968933	1.00190759	0.17254695000000003	0.10547001060000001	-0.1360505951	0.0703268386	0.0314055756	0.0590230618	0.0465645182	0.1267681704	0.0038364453000000005	0.0881029913	-0.09390232679999999	0.0261640952	0.0699191066	-0.0930000661	0.068831168	-0.0330909833	-0.008212164499999999	0.0481347559	0.0304498	0.173983	-0.058256	0.000996881	-0.000736559	0.0012535300000000003
589.1497929583641	467.9146517935736	474.98979242002116	1.36209548	39.25032806	1.04517734	0.133192	-0.032128733900000005	0.0059249676	0.0701536482	0.1150604514	0.0116279528	-0.1236866197	-0.0090830158	0.0340456941	0.0042052277	-0.0471886447	0.1176117413	-0.084632366	-0.0936476809	0.0712121461	-0.0377134758	-0.001644157	0.0407463624	0.0286926	0.0856289	-0.0414058	0.00107248	-0.0010705	0.0013686
588.2377610699115	467.19297729904906	473.7676866026089	1.27679884	36.79240799	1.00570869	0.20595211	-0.0646644641	-0.0800760244	-0.07877804620000001	0.019562902099999998	0.0437030028	-0.1152657568	-0.0849438585	-0.0416771805	0.0802471805	-0.029804903799999997	-0.025490110899999998	-0.11595561539999999	-0.0942707383	0.0735184324	-0.0422469764	0.0049307466	0.0330909833	0.0348619	-0.00976251	-0.0172759	0.0026777	-0.00107049	0.0013686
584.8780094283449	466.1365189475468	472.04936145132257	1.28434348	37.00981522	0.94830948	0.13053827	0.0356336916	0.0190605585	-0.0577151444	-0.028355786	-0.0772443195	-0.12915263119999998	0.0061710799	-0.051045755	-0.0099986735	0.047853662199999994	-0.1111397568	-0.1829453804	-0.09486907480000001	0.0757476081	-0.046680787599999995	0.011484969	0.0252187796	0.0199795	0.0767973	-0.008508339999999998	0.00308427	-0.00107049	0.0013686
584.9349713775582	465.5800927266294	472.035631636268	1.27886975	36.85208511	0.97568589	0.22926406	0.054051340499999996	-0.0335545341	-0.0718587176	0.1017847788	-0.1828589542	0.0204443395	0.0689501551	0.0280890802	0.0834189764	0.1661905559	-0.0919482481	-0.06902170099999999	-0.0954425335	0.077897335	-0.0510044471	0.0179910194	0.0171813328	0.0126742	0.201648	-0.0130229	0.00170602	-0.0013205	0.00114499
582.2863495374365	466.39012928678886	474.2552510902472	1.43240798	41.27646255	1.08375275	0.11083842	-0.1034856697	0.1372193381	-0.028454640099999998	-0.0768038242	-0.1656376413	0.0869364693	-0.0707675504	0.06508188570000001	-0.1625381689	0.1714649001	-0.0368553867	0.0896573918	-0.095990964	0.07996535839999999	-0.0552077523	0.0244216092	0.0090313074	0.0194504	0.144363	-0.00330688	0.00154268	-0.000966226	0.0013686
585.8349508332078	468.0596593448809	476.0254830255509	1.35476637	39.03913116	1.04721868	0.19285671999999998	-0.015015053200000001	-0.0381786253	0.0109563648	-0.15634586279999999	0.0281658669	0.1330995064	-0.0318934571	-0.043732684400000006	-0.0591555587	-0.09449155070000001	-0.0530116271	0.2134942873	-0.09651422259999999	0.0819495091	-0.0592807847	0.0307497663	0.0008221055	0.0180178	0.0244419	-0.0625337	0.00171956	-0.00103487	0.0013686
588.5613513620463	468.37114496863586	475.88826721653464	1.43121982	41.24222565	1.1327666	0.37090285	0.0874893267	-0.0480305625	0.0735324833	0.1088638314	0.0575662611	0.0856014611	0.1282699957	0.0336958074	0.07133535349999999	-0.0275232387	0.166327829	0.1414448712	-0.097012172	0.0838477061	-0.0632139335	0.0369489482	-0.007392483199999999	0.0232156	0.302632	-0.054989	0.0007861469999999998	-0.000712718	0.0010247600000000002
586.7078757807205	468.1641107124317	475.65478035636886	1.49652946	43.1241951	1.1466068	0.4161695	-0.06586715809999999	0.1257457023	0.0751442848	0.04882553059999999	0.06576425400000001	0.015449623700000002	-0.0736737264	-0.0004759701	-0.09705581140000001	-0.0400777865	0.14923916869999998	-0.0188012991	-0.0974846817	0.08565795849999999	-0.0669979174	0.0429931534	-0.0155586335	0.0155837	-0.0255194	-0.0525285	0.00202419	-0.000832919	0.0012250300000000004
590.2956202835262	467.27606685695815	475.67473414569395	1.4629364	42.15617371	0.98248422	0.0643141	0.0199252672	-0.0172604102	0.0244589694	-0.0957686577	0.1511561266	-0.0825537922	-0.0133436744	-0.06527792860000001	-0.043327587199999996	-0.11372024380000001	-0.0404264115	-0.054686031600000004	-0.0979316276	0.0873783674	-0.0706238077	0.0488570303	-0.023622837799999997	0.0184355	-0.0206851	-0.0471675	0.00281491	-0.0007572189999999998	0.00138395
587.6242596007759	467.12798141132447	474.1847967945717	1.24709022	35.93632126	0.98361075	0.22167185	0.09568698240000001	-0.0108374245	0.0582832892	0.0289651871	-0.023317544300000003	-0.1164621961	0.08804578390000001	-0.0283482253	-0.0476099054	-0.0299095227	0.0167198775	-0.11758955060000001	-0.0983528927	0.0890071286	-0.0740830482	0.054515983899999995	-0.0315322563	0.0152563	0.125082	-0.042541	0.00200948	-0.00113188	0.00120206
584.8676131472916	466.33331393939727	473.3220851746437	1.34639001	38.7977562	0.9857226	0.05159985000000001	-0.0344703706	-0.042417288	-0.044394812699999994	0.12187550539999999	-0.09038472460000001	-0.0480696189	0.0066697058	0.0747090876	0.1044617142	0.0835443784	-0.022000121600000002	-0.0870740905	-0.0987483665	0.0905425335	-0.0773674764	0.0599462785	-0.0392350634	0.015231	0.131921	-0.0363484	0.00245237	-0.000919841	0.00131799
583.8452356152876	466.14271550301385	473.13924930081015	1.40853035	40.58840179	0.99595481	0.24208391	-0.038439358300000004	0.0577746342	-0.0543067016	-0.1317277464	-0.0778458279	0.0026486736	-0.056898627599999994	-0.0333164003	-0.0972161764	0.0525753662	-0.1602889267	-0.050447250199999995	-0.0991179452	0.09198297189999999	-0.0804693419	0.0651251376	-0.046680787599999995	0.020214	-0.00982531	-0.0452302	0.00365765	-0.00110153	0.000975503
583.4829131318803	466.0986601678682	473.2194941440772	1.36718154	39.39688873	1.09541237	0.37892931	0.0890671316	-0.0548290335	-0.0622702928	0.027783515800000002	-0.11967860529999999	0.2031137075	0.1093126044	0.015493782	0.09214314119999999	0.12417154359999999	-0.11048219810000001	0.0984872813	-0.09946153199999999	0.0933269328	-0.08338132549999999	0.0700308392	-0.0538206416	0.0179153	0.241286	-0.0351978	0.00156024	-0.000996895	0.00086781
585.3347809162515	467.4862945134591	476.00368572162597	1.49815428	43.17101669	1.13327789	0.13832835	-0.1143369441	0.11486731	0.034109042799999996	0.0493277482	0.0444599184	0.1993572952	-0.0853658469	0.0917601401	-0.025963691400000002	0.1284472779	0.0908496209	0.166012625	-0.0997790366	0.0945730066	-0.0860965556	0.0746428072	-0.060607842300000006	0.00602745	0.152028	-0.0172654	0.00139475	-0.00114651	0.000797913
588.9597223455702	468.60145028018684	476.8420012465516	1.34593999	38.78479004	1.04192936	0.2659125	-0.021065598999999997	0.041498832	0.0400102496	-0.14320251960000002	0.2016176243	0.09506668	-0.0502337995	-0.0613334529	-0.0772089545	-0.16882458620000002	0.06876300889999999	0.1499481958	-0.100070376	0.09571988640000001	-0.08860862539999999	0.0789416972	-0.0669979174	0.0157978	-0.0075045	-0.0735799	0.0017975999999999997	-0.00090379	0.00063758
589.6667419893909	468.35176034939315	476.14001015699057	1.27470112	36.7319603	1.02386594	0.20567815	0.10314093199999999	0.0035995449	0.0776319954	0.049196309400000006	0.16269558720000002	-0.0301551037	0.10203152089999999	-0.050814993899999994	0.0108491153	-0.08186692599999999	0.1578456463	0.0531031242	-0.1003354737	0.0967663693	-0.09091160699999999	0.0829094784	-0.0729489968	0.017434	0.145893	-0.0721942	0.00132722	-0.000996895	0.00105927
586.2863428501049	467.851232222591	474.8266239381233	1.61781073	46.61905289	1.21254289	0.18116065	-0.1167139182	-0.0530601599	0.1026029576	0.0169786385	0.025174743	-0.0373553052	-0.1037645794	0.1480955406	0.058385118099999994	-0.0636584969	0.08701204	-0.0101921425	-0.10057426009999999	0.09771135759999999	-0.0930000661	0.0865295084	-0.0784220868	0.0101812	0.271733	-0.0345361	0.00135823	-0.000996895	0.000882085
586.6833115445577	467.51633285964635	474.95421927609743	1.65819252	47.78269958	1.29318428	0.4009582	0.0915634674	-0.0456782363	-0.11565998599999999	0.0181881931	0.0987488359	0.0236922349	0.0373399876	-0.16801056039999998	0.0826590075	-0.0049560133	-0.0260823559	0.0035197627000000003	-0.1007866726	0.0985538602	-0.09486907480000001	0.08978660349999999	-0.08338132549999999	0.0291311	-0.0094834	-0.0437951	0.0023647	-0.000551842	0.00126122
588.6289634549894	467.2337780836797	475.9588712730548	1.30740571	37.67438126	0.98682213	0.18737580000000004	0.08069291049999999	-0.0196874836	0.0115869396	0.1072397739	0.1049074902	0.036009375499999996	0.0882042587	-0.023544088799999998	0.0718847667	0.044492112	0.031317969300000005	-0.024122553999999997	-0.1009726556	0.0992929934	-0.09651422259999999	0.0926671025	-0.0877942181	0.0242638	0.0794181	-0.0662302	0.00182214	-0.00124689	0.00107539
587.8185733468828	467.64565198269304	474.8558970587604	1.33992171	38.61136627	0.98073053	0.0937072	-0.0261602896	0.09525576470000001	0.062466084000000005	0.0660542378	0.0362221531	-0.1064727706	-0.0076569716000000005	0.0161688306	-0.0369079685	-0.010785121100000001	0.0908191448	-0.0941250434	-0.1011321603	0.09992798189999999	-0.0979316276	0.0951589234	-0.0916318497	0.020886	0.0188226	-0.0562453	0.00201253	-0.0013658	0.00116107
588.1233052687334	467.54719333654907	473.52983959846534	1.36735868	39.4019928	0.99616134	0.1295852	-0.0784046439	-0.10041221380000001	-0.057187162400000005	0.0449818038	0.0186868372	-0.1685209662	-0.0798392992	0.0235504022	0.1189811098	-0.0210928809	0.013787488600000002	-0.0966722934	-0.1012651448	0.1004581598	-0.0991179452	0.0972516147	-0.09486907480000001	0.0221621	0.102448	-0.0496286	0.002343	-0.00160679	0.00135095
585.3044503707138	466.7725763417983	472.67980011888517	1.23568487	35.6076622	0.95774186	0.1047476	0.0176145168	0.060158782300000005	-0.0933001465	-0.0104289488	-0.0859672904	-0.1615964336	-0.0204928341	-0.0634475233	-0.0335247067	0.027805580400000002	-0.0037843628999999998	-0.15498315769999998	-0.1013715742	0.100882971	-0.100070376	0.0989363989	-0.0974846817	0.021029	0.0460885	-0.0398411	0.00299862	-0.00161215	0.00126258
585.4891898672918	466.8483754347786	472.83108248012263	1.23745358	35.65863037	0.93857926	0.0918726	0.0840907227	-0.09291557689999999	-0.037670753599999995	0.008208006	-0.1338054485	0.0102432532	0.0773047377	-0.0072556229000000005	0.0742299387	-0.011689318999999998	-0.0885435624	-0.0655214764	-0.1014514208	0.10120196990000001	-0.1007866726	0.10020620960000001	-0.09946153199999999	0.0162265	0.098705	-0.0512512	0.00296118	-0.00181839	0.0010453900000000002
585.5067426580935	466.4941254249357	473.8844418085969	1.46536088	42.22603607	1.0714277	0.17717020000000003	-0.09528629460000002	0.0861253548	0.0114038473	0.0300459187	-0.1323239094	-0.0727970319	-0.0639835036	0.1190857797	-0.0465929125	0.08556824119999999	-0.0025867102	-0.060083614	-0.1015046634	0.1014148218	-0.1012651448	0.1010557205	-0.1007866726	0.0151705	0.183756	-0.0394625	0.00173432	-0.00156839	0.00115402
583.4519177079022	467.15903892781853	475.30931823197477	1.40014839	40.34686661	1.04918802	0.2115477	-0.0001705699	-0.0241810503	-0.0324067759	-0.1964418684	-0.0702848072	0.1089951038	-0.0079350379	-0.0359519166	-0.08995674140000001	-0.0534797704	-0.1538638358	0.1910314337	-0.1015312882	0.1015213037	-0.1015046634	0.1014813686	-0.1014514208	0.0198912	0.0213982	-0.0560337	0.00225	-0.00159439	0.0011703
