CSF	WhiteMatter	GlobalSignal	stdDVARS	non-stdDVARS	vx-wisestdDVARS	FramewiseDisplacement	tCompCor00	tCompCor01	tCompCor02	tCompCor03	tCompCor04	tCompCor05	aCompCor00	aCompCor01	aCompCor02	aCompCor03	aCompCor04	aCompCor05	Cosine00	Cosine01	Cosine02	X	Y	Z	RotX	RotY	RotZ
615.5684731087176	488.1922968440878	495.06095540156286	n/a	n/a	n/a	n/a	-0.0362892031	0.0604916255	-0.04360380480000001	0.0643199757	-0.0371144219	0.0455930701	-0.028570196699999998	0.0095257999	-0.09942760169999999	0.0360211442	-0.0652892848	0.0661635843	0.1190908764	0.11906870580000001	0.119031758	-0.0296547	-0.0245129	-0.0333763	-0.00166069	0.000134617	-0.000487705
609.482900119748	488.73025317361396	493.0853519757437	1.13949168	32.29022598	0.96402043	0.0625185	-0.04476809599999999	-0.0423043274	-0.1024852957	0.025186937000000003	-0.0452020097	0.0737474947	0.0065908287	0.021240039300000003	-0.1719656812	-0.0668657579	-0.0410803061	0.0343961921	0.119031758	0.1188323059	0.1185001333	-0.0296643	0.0166992	-0.0322043	-0.00150756	0.000206294	-0.000310016
608.4587302865498	488.45560048292265	491.69086822622603	1.33317614	37.77873993	0.99684477	0.23479385	0.06742845830000001	-0.0136579708	-0.1637666766	0.11861476300000001	0.053147434400000006	0.039570296	-0.0707063949	0.0675103415	-0.0619254671	-0.16633621810000002	-0.0553307647	-0.0918412711	0.1189135508	0.1183599755	0.11743925820000001	-0.02959	-0.0710889	0.0141241	-0.000297513	-0.000425112	-0.000480624
607.8291561495422	488.0615397047357	491.14341486734617	1.29493499	36.69508743	0.99115288	0.210812165	0.0407113639	-0.0795629962	0.0456365378	0.0009836767	-0.0234204756	0.1973768442	0.0595756388	0.0308542684	-0.0092131104	-0.1053747994	-0.1644858777	0.025988586600000002	0.1187363132	0.11765265230000001	0.1158538709	-0.0296589	0.0601853	0.0262099	-0.00112638	2.93463e-05	-0.000416284
608.2916146561289	487.81570698371667	492.80204157600434	1.28906393	36.52871704	0.9853617	0.057351665	0.0068452148	0.0364322121	0.0021101588	-0.0355685382	-0.09578589439999999	-0.12346002800000001	-0.0232044111	-0.008071880200000001	-0.0190402338	0.0104437447	0.1129120271	0.0721690525	0.1185001333	0.1167117406	0.11375105210000001	-0.0248721	0.08096789999999998	0.0162118	-0.000943054	-0.000164278	-0.000357551
609.6578663978663	487.4919455155668	493.613242127944	1.2848736	36.40997314	0.96207422	0.12479765	0.0201845473	0.066182024	0.075043766	-0.12153277779999999	0.12386158130000001	0.0367707907	-0.0074288052	-0.15543038369999998	-0.0226183639	0.022652749500000003	-0.0499977276	0.0048306331	0.1182051284	0.1155391086	0.1111401934	-0.0140374	0.165461	0.0162284	-0.00125162	-0.000195484	-0.000108258
608.6957972009512	487.23451013259523	493.56461179326203	1.29871798	36.80228806	1.05382192	0.35178472819999995	-0.10745056880000001	-0.057646053200000005	0.0274996612	0.1268114003	-0.0284412961	-0.0735920152	0.0410545443	0.1629179647	0.0022906057	0.0636230879	0.0838016203	-0.049534913300000004	0.11785144480000001	0.11413708439999999	0.1080329557	-0.0135321	-0.112047	-1.05282e-05	-0.000288222	-0.000278724	-0.00021227
606.2197104654692	487.1526081606047	493.49874856689996	1.34247077	38.0421257	1.06881773	0.3332149718	0.0701742124	0.1383944549	0.094916471	-0.0788346605	0.0178568355	-0.0800582698	-0.078868525	-0.1299328857	0.0526601143	0.1251293473	0.003996093	0.07762221799999999	0.11743925820000001	0.11250845150000001	0.1044432166	-0.0102	0.0974866	-0.0131225	-0.00193132	0.000206294	-0.0002289
608.5831580201069	487.69265677343367	495.1642378041816	1.32990432	37.68602753	1.02811146	0.08895259000000001	-0.17173167670000003	-0.0138533479	0.0179564519	0.008335215699999999	0.09836028109999999	-0.1078728252	0.0709217263	0.022926340400000002	-0.0763638823	0.1222300101	0.0601212209	-0.08071799389999999	0.1169687732	0.11065644359999999	0.10038700869999999	-0.0125788	0.0474293	-0.0243309	-0.00168868	2.64952e-05	-0.000145177
610.9335966489108	488.1831880147584	495.25906188288866	1.21708715	34.48908234	0.94324023	0.17866152999999999	-0.11761058419999999	0.0725824124	0.060285409400000003	-0.0132551093	-0.061289635999999995	0.1660920059	0.0051720282000000005	0.0852424432	-0.0591009172	0.0790595548	-0.14567762310000001	0.0599228232	0.1164402233	0.1085847375	0.09588244800000001	-0.0153071	-0.0762667	-0.0294793	-0.000848219	-4.37064e-05	-0.000114063
609.7956553299118	488.1008844934477	494.1308218816426	1.2318002	34.90600967	0.98890597	0.18110830000000003	-0.0216242918	0.1445686405	-0.0915795323	0.014214336200000002	0.0794727519	0.0279275911	-0.10974193310000001	-0.0731462786	-0.0471648462	-0.0218688659	0.021000071000000002	-0.11238086470000001	0.1158538709	0.1062974465	0.0909496531	-0.0205858	0.0633841	-0.031251	-0.0014963	-4.37064e-05	-0.000154124
608.8183880842473	487.9798420297683	493.15878217591484	1.27323532	36.08017349	0.96915376	0.06690997	-0.037011697	-0.0255972633	-0.0139319824	-0.1317022025	-0.0399121436	0.1305814641	0.0593364172	-0.0261845096	-0.0397724851	-0.0705570929	-0.10394155960000001	0.1054488287	0.11521000710000001	0.1037991117	0.0856106549	-0.0136124	0.0774069	-0.0164827	-0.00169438	0.000363499	-0.0001365
608.2126930006576	487.32442195682563	492.8512097466559	1.26582623	35.87022018	0.96155763	0.25776479	-0.0225166592	-0.0126420507	-0.1452262581	0.0917892801	-0.0493866621	-0.0090236772	-0.029263193	0.1012601872	0.0036753462	-0.051993205300000005	-0.0353454322	0.025203804	0.1145089515	0.1010946934	0.0798892988	-0.0284968	-0.0877195	-0.00716328	-0.000805857	-4.37064e-05	-0.000209463
605.6171606734257	487.4709592800115	489.90970661692216	1.68526828	47.75611496	1.1099087	0.32221959000000006	0.14159761740000001	0.0545023337	-0.1353179619	0.005988096899999999	-0.0089203425	-0.1108372342	-0.0804588476	-0.0737735412	0.0933292436	-0.1464166377	0.1894455758	0.0329176225	0.11375105210000001	0.0981895609	0.07381113759999999	-0.00116846	0.105939	0.0398079	-0.00112801	0.000663026	-0.000265809
607.5016558126098	487.2075077019541	491.5612582456672	1.73843503	49.26272202	1.10604417	0.36001428999999996	0.0449192031	-0.0497271246	0.1314656235	-0.027346064	-0.10312346119999999	0.044862158	0.007809481	0.048386133600000006	0.06730454599999999	0.1077758769	-0.1402050876	0.0509816564	0.1129366851	0.0950894822	0.0674033181	-0.0192952	-0.0868406	-0.0174891	0.000431706	0.000537252	-0.000416538
606.4235253576494	487.3146931917031	492.419713453062	1.33264112	37.76358032	1.06206751	0.46696909	0.0273772381	-0.0181219189	-0.0068799376	-0.0349481579	0.1911330865	-0.0484472284	0.053672678	-0.14810151130000002	-0.026964807200000003	0.0041456139	0.0041884587	-0.15723379380000002	0.11206625490000001	0.09180061210000001	0.0606944589	-0.00688703	0.208454	0.00238182	-0.00181305	0.000410638	0.0
608.9335057548301	488.48217318534296	493.32925089983047	1.2913233	36.59273911	1.05677497	0.4879681200000001	-0.0364760238	0.0107475998	-0.033446604	0.0527331408	-0.1308389703	-0.055133927400000005	-0.06928544889999999	0.09858087089999999	-0.0342849354	0.007232909300000001	0.050019531	0.0747433815	0.1111401934	0.0883294804	0.05371452349999999	-0.017359099999999995	-0.150232	0.0149205	-0.000298834	6.76316e-05	-0.000268205
608.4537984694052	487.4022873014333	492.02198237228	1.23780406	35.07614517	0.98022139	0.3149266	0.005850134200000001	-0.0188058713	-0.0173609436	-0.10299811380000001	-0.0556164025	0.0768087925	0.032465941400000004	-0.0374365139	-0.0357432854	-0.0404196258	0.0034058104999999997	0.0834618391	0.11015896050000001	0.0846829786	0.0464946861	-0.0131501	0.121454	0.0018072	-0.000724365	6.76316e-05	-0.00017537
605.6452040928493	486.9794770008238	490.9967589000171	1.12229025	31.80278397	0.9210481	0.23549632	0.12424937330000001	-0.026339793700000003	0.06787457200000001	0.054559445	-0.0433611539	0.0934788633	-0.0490153235	0.0324128515	0.1258015034	-0.0351637869	-0.09874595369999999	-0.0039572686	0.1091230432	0.0808683467	0.039067192	-0.0192888	-0.060443	0.00672279	-0.000298834	-0.000182368	0.0
606.4454794926396	486.44740301661074	492.5222080136372	1.16836631	33.10845947	0.90501499	0.24249917500000004	0.0598651607	-0.0410276985	0.082671882	-0.0115610577	0.1015593534	-0.0454354451	0.0265768364	-0.071781386	0.11863425130000001	0.013573911499999999	-0.0225487975	-0.077483544	0.1080329557	0.0768931581	0.031465214500000005	0.00521125	0.107722	0.016065699999999995	-0.000645879	0.000223806	5.66053e-05
606.119035973666	486.86602170588867	493.1344155313093	1.0198133	28.8988533	0.88665956	0.14692691	-0.008447640400000001	-0.0331488454	0.0787830822	0.0874830907	0.023576342799999997	-0.0512290466	0.010907312800000001	0.0620122859	0.1120464675	0.0516255306	0.06629511980000001	-0.135059936	0.1068892392	0.0727653053	0.0237227056	0.0111644	0.0204917	-0.0118077	-0.000195036	0.000258573	8.83965e-05
608.0249065141968	486.884330945972	493.48967436084257	1.15527117	32.73737717	0.9865793	0.284106225	-0.014377647	0.016951888999999998	0.0230331719	-0.0897360034	0.0804807031	-0.18098303	0.0364156175	-0.155091421	-0.0062484814	0.058220685599999995	0.1551199381	-0.066088809	0.1056924615	0.0684929837	0.0158742454	0.00156087	0.255965	-0.00585995	-0.000577331	6.76316e-05	0.0
607.6748355651303	487.81516453989684	493.87735741113687	1.15816677	32.8194313	0.98203754	0.296032835	-0.0843913427	-0.0883297444	0.0711273199	0.0233267591	-0.0646392548	-0.024457268900000002	0.0608188884	0.0645941508	-0.0062716062	0.0581135685	0.0250093891	0.0117910802	0.1044432166	0.0640846757	0.0079548869	0.0165887	0.0122453	0.00448225	-0.000560861	0.000502235	8.77887e-05
607.5171935528464	486.9672825819754	493.6429089015342	1.01284015	28.70125198	0.86988986	0.102445365	-0.030611060699999998	-0.0286621804	0.1486626873	0.0165032944	-0.08609219480000001	0.08074619940000001	0.0637190207	0.0614032216	0.0180770678	0.12562459550000002	0.007777375400000001	0.0204194909	0.10314212460000001	0.059549133399999996	0.0	0.0111704	0.0530288	-0.0304017	-0.00073466	0.000311285	0.000150232
607.3332065785736	487.0054931699752	494.1644682723705	1.17324317	33.24665833	0.98496366	0.07646439	0.047028977199999995	0.1319822314	0.10926296210000001	0.0052586627000000006	0.0777555661	-0.0381391236	-0.0747100328	-0.0920860222	0.053736106	0.0988125931	-0.021284973500000002	-0.0205554085	0.1017898316	0.0548953619	-0.0079548869	0.00902386	0.0954423	-0.0203691	-0.0010911400000000002	0.000259381	0.000121181
608.4005675552811	487.16821222631575	494.8088020330716	1.33479917	37.82473373	1.0625273	0.06639429999999999	-0.1387778303	-0.060643545300000004	0.0434048222	-0.0458810275	0.1634072266	0.011865775	0.1317533365	-0.015176480400000001	-0.0339168397	0.044733166	-0.0725479679	-0.1146713487	0.10038700869999999	0.0501326007	-0.0158742454	0.00784931	0.140784	-0.0267436	-0.000935685	0.000352626	0.00014255200000000003
609.9170006777559	487.6874648111634	494.5473506523429	1.22609198	34.74425507	0.97717214	0.24715149	-0.14028714539999998	-0.040033995600000004	-0.047187184400000005	0.0681518791	-0.0273780431	-0.015557213899999998	0.086504525	0.1551947544	-0.022114717000000002	0.0263506634	0.047808417	0.015776821599999998	0.0989343523	0.0452703058	-0.0237227056	0.0111797	-0.0187816	-0.0405221	0.000393033	0.000415774	0.000124878
607.2094456468224	487.74796490882784	492.98649477305895	1.47805822	41.88432312	1.10233748	0.23449395	0.09254829369999999	0.1408030937	-0.003485791	-0.0604191674	0.0232525599	-0.0178004363	-0.1139681204	-0.0983110689	0.0321745173	-0.012790943600000002	0.010778636000000001	0.015793341000000002	0.0974325836	0.040318131	-0.031465214500000005	0.0111671	0.0981912	-0.0102734	-0.00102272	0.00062034	0.0
607.0355990924944	487.58921907734543	492.2336373382853	1.4496026	41.07796478	1.02638876	0.0451807	-0.0280075208	-0.0607258049	-0.023488889500000002	-0.11385655830000001	-0.0429371809	-0.0086100719	0.0410600742	-0.0262477631	-0.0242815995	-0.039810842	-0.0095681545	0.082894484	0.09588244800000001	0.0352859082	-0.039067192	0.0111706	0.103383	-0.0289595	-0.000643817	0.000573257	5.29396e-23
608.5080610391561	488.5171502446013	492.0914453172291	1.35678852	38.44785309	0.95777237	0.222280157	0.027627597400000002	-0.043835077699999996	-0.0819738961	0.1478159395	0.0598400107	0.0319700808	-0.0306854641	0.0710516009	-0.0119407377	-0.0905113492	-0.037595244900000005	-0.1177054226	0.0942847151	0.0301836285	-0.0464946861	0.011175	-0.0425381	-0.000443788	7.45179e-05	0.000606078	0.000205623
608.6359485934144	488.10401939603935	491.6175601692447	1.24123108	35.17325592	0.95225805	0.241359527	0.1084243268	0.06763345559999999	-0.0216956952	-0.1321257597	-0.0328784513	0.0028057458	-0.0501051618	-0.09716001980000001	-0.004631201	-0.0540158506	-0.0274819086	0.1155853966	0.092640178	0.025021422	-0.05371452349999999	0.0111841	0.131761	-0.00208142	-0.000772718	0.000350663	0.0
607.5051785391407	488.11686897430434	491.5188064746157	1.26343906	35.80257416	0.95330209	0.07855767999999998	-0.010789223300000001	-0.1191912041	-0.09423118189999999	-0.021866621099999997	0.021956295	-0.0740749527	0.0802540161	0.0194243247	-0.045329765999999994	-0.062351472000000005	0.0399955958	0.0018441145000000002	0.0909496531	0.0198095379	-0.0606944589	0.0111989	0.094861	-0.022922	-0.000664346	0.000527336	0.000131001
607.7605636315069	487.55620045161726	491.55042772381375	1.34236145	38.03902817	0.93736345	0.21606865	0.1131281814	-0.0063551392	-0.0780642329	0.1244411043	0.07302022450000001	0.09933736630000001	-0.0909607524	0.017739561299999998	0.08154817610000001	-0.0653956011	-0.0771064516	-0.0967509089	0.0892139795	0.0145583237	-0.0674033181	0.011188300000000002	-0.0534785	-0.00216365	0.000228813	0.000494401	0.000144111
607.5125888460236	487.2892899136198	490.7152059231095	1.24278963	35.21742249	0.91248381	0.20489242	0.035993627	-0.0714683044	-0.07655015429999999	-0.0962673568	-0.10736813640000001	-0.0132530975	0.0364949914	-0.0006956429	0.0274513944	-0.0879840568	0.0556106479	0.1353154257	0.08743401890000001	0.0092782053	-0.07381113759999999	0.0111958	0.105924	-0.0189877	-6.36454e-05	0.000244402	0.000113401
605.4603741804417	486.97959676114647	489.87423564305254	1.20203781	34.06262207	0.91238451	0.19301862	0.1567408936	-0.06528311889999999	-0.0201823032	0.0935540367	0.009582167800000001	0.118756648	-0.039619796299999996	0.029488207599999997	0.17052493489999998	-0.0730878759	-0.0510466184	-0.0296199433	0.0856106549	0.0039796658000000006	-0.0798892988	0.0111901	-0.00496725	-0.0116294	0.00142016	0.000244402	0.000124863
605.6207211434554	486.9787725283307	491.0860079353189	1.24813163	35.36880112	0.92981189	0.2039427	0.0655211196	-0.1322705458	0.0088794237	0.0240120724	-0.0975197785	-0.1019734427	0.090804544	0.0432539428	0.1039091825	0.0150367866	0.12816588439999999	0.0173892987	0.08374479259999999	-0.0013267748	-0.0856106549	0.0111902	0.106432	0.0291921	0.000390198	0.000244402	0.000120388
604.5098544940843	487.3285431209078	491.9072201700066	1.31243873	37.19109726	0.97201765	0.11815804	0.150329778	0.048815825300000004	0.1031771695	0.019754367	0.0745289963	-0.044034580999999996	-0.045575742	-0.1292511116	0.09078687	0.07075178929999999	0.0136895171	-0.031677298900000005	0.0818373583	-0.0066305813	-0.0909496531	0.00882136	0.169159	0.0187468	-0.000403351	0.000244402	0.000179177
607.269281673193	487.57593272613434	493.6995584350527	1.4393822	40.78834534	1.11311638	0.13096618	-0.1123450437	-0.1326454374	0.08361801349999999	0.0438547335	-0.0051221353	-0.09633937039999999	0.16590320109999998	0.1184928517	-0.0168294779	0.0673633274	0.08440138800000001	-0.050012493899999996	0.0798892988	-0.0119212234	-0.09588244800000001	0.0061453	0.0995991	-0.0158088	6.57494e-05	0.000244402	0.000164785
606.3853540994468	488.26082088344253	493.759731670553	1.54137599	43.67858124	1.17133904	0.10449206	0.0759544895	0.17192396079999997	0.0989079469	0.0091353378	0.04467291	-0.0332264884	-0.1326879512	-0.1083636343	0.0059510336	0.073285633	0.0021423682	-0.0176165304	0.0779015812	-0.017188197	-0.10038700869999999	0.0111905	0.127311	-0.00586058	-0.00106124	0.000244402	5.60396e-05
610.6809542507723	488.19440321684084	495.0311511707587	1.4212625	40.27487946	1.09679747	0.25355749	-0.16416083550000002	-0.00020541049999999998	0.0063807883	0.0008695904	0.0318601343	-0.0299715154	0.0239346477	0.0893046691	-0.0639401453	-0.00421587	0.0769122942	-0.1070313654	0.0758751921	-0.022421045	-0.1044432166	0.0111855	-0.0372857	0.00264458	0.000491733	0.000244402	0.0
608.4008946656015	487.636587807748	493.805991467848	1.19239616	33.78940201	0.92301792	0.051512595	-0.0546715042	0.07178680280000001	-0.0693942489	0.021812186	-0.08736311470000001	-0.0749576706	-0.0575766229	0.059641538099999995	0.0018866484	-0.0172863139	0.1540091669	0.0194323951	0.07381113759999999	-0.0276093781	-0.1080329557	0.017925799999999995	-0.0152574	-0.00857384	0.000665596	0.000244402	5.66485e-05
606.3140440495165	486.9532424451977	492.69313542029374	1.05914795	30.0134964	0.87794	0.14518062499999998	0.007030456500000001	-0.0230897723	-0.0214125955	-0.0804873095	-0.090686918	-0.0363978551	0.0178916613	-0.0137544644	0.0576480733	-0.0026817035	0.0640130263	0.0709577205	0.07171044230000001	-0.0327428954	-0.1111401934	0.014297700000000003	0.098257	-0.00640544	0.000192679	0.000244402	0.000101126
604.6649802731314	486.79538424905604	492.89070388115465	1.16419256	32.99018478	0.94586384	0.14201757000000004	0.040197981699999996	-0.139081601	0.10439972060000001	-0.0015991231	0.0694340591	0.1602438916	0.1327547452	-0.008534841	0.1096406057	0.02360944	-0.0936378373	0.0008083737	0.069574149	-0.0378114046	-0.11375105210000001	0.00892242	0.202604	0.00247579	-0.000272142	0.000244402	9.76658e-05
608.5304429337967	488.0393840448429	495.14936271895635	1.38699412	39.30380249	1.07351577	0.32504053000000005	-0.0391592884	0.049920608600000006	0.0066492213	0.0537557143	-0.0692544815	-0.1083562291	-0.0848756108	0.0740712132	0.0090208958	0.07595516299999999	0.1531378161	0.0188890524	0.0674033181	-0.0428048428	-0.1158538709	0.013542	-0.0471997	-0.0171203	0.00066894	0.000244402	0.000177007
609.8832076653865	488.67451530999875	493.7591449404093	1.18621731	33.61431122	0.95795101	0.241778945	-0.0815114767	-0.0058286961	-0.1170424025	-0.0560145644	-0.0053133589000000005	-0.0569921716	0.0370203172	0.0009242941	-0.1176010266	-0.0739129454	0.16032982240000002	0.0370983241	0.0651990272	-0.047713295999999995	-0.11743925820000001	0.011214300000000002	0.140797	-0.00427117	-1.24123e-05	0.000169815	0.000193176
608.1053504907762	487.95825699259524	492.70496762704397	1.00841916	28.57597351	0.90571207	0.14679606499999998	0.007559571	-0.064645194	-0.1068949768	0.0285766963	-0.0982381428	-0.0173518716	0.0288883095	0.0952963715	-0.0025297329	-0.09310136109999999	0.08893053710000001	0.0681261638	0.0629623707	-0.0525270188	-0.1185001333	0.0244339	0.0496841	0.00729008	0.00043111	0.000244402	0.000293113
606.0719824121387	487.22465456242406	491.80312003530855	1.20729208	34.21151352	0.98873556	0.16723981999999998	0.1445507173	0.0672573958	0.0355085141	-0.1320922914	-0.0449190141	-0.1129897423	-0.0867484108	-0.1213968067	0.0671745448	-0.0182905441	0.0602180779	0.1339178934	0.0606944589	-0.0572364541	-0.119031758	0.0187172	0.162614	0.00732935	-0.00048837	0.000244402	0.000344712
607.0303653273612	487.2274583629437	493.40645923621565	1.51347399	42.88791275	1.14093256	0.1882041	-0.0580360886	-0.1378812944	0.0081664413	0.10546605810000001	0.08458993050000001	-0.0679025273	0.1281253071	0.1200152951	0.063763678	0.009780709200000001	-0.0003840329	-0.1216527583	0.0583964175	-0.0618322517	-0.119031758	0.0162075	0.0696069	-0.0216159	0.00064771	0.000350833	0.000312382
606.1066686873078	488.1605110452212	493.6152161612236	1.4650681	41.51621628	1.11227763	0.17061442	0.09092451730000001	0.1251693927	0.0749526022	-0.0152871026	0.017698805800000002	-0.0806213244	-0.10550449960000001	-0.0800328953	0.0535418524	0.0842277028	0.0069766082	-0.0338354263	0.0560693873	-0.0663052871	-0.1185001333	0.0232102	0.135127	0.00741672	-0.000446012	0.000127677	0.000376684
611.2429675253726	488.69972133578455	495.4302915109317	1.4162972	40.13417435	1.07568955	0.11546789999999997	-0.1071830657	0.0181571731	0.0842838752	-0.1660415144	0.0824366558	0.0737036434	0.0573285913	-0.101994065	-0.1520540324	-0.0061008597999999995	-0.0772569062	-0.0211513337	0.05371452349999999	-0.0706466795	-0.11743925820000001	0.0146045	0.187407	-0.0258992	-0.000255597	4.19224e-05	0.000227528
612.9386948471332	489.2166068930565	494.86640048267367	1.32048857	37.41920853	1.07915866	0.40487957999999996	-0.1262956494	0.0928853874	-0.0827004413	0.0106319166	-0.16533507	0.0564261053	-0.1153515976	0.1325938857	-0.1355332325	-0.0433008606	-0.0214471771	0.1376243455	0.0513329951	-0.0748478095	-0.1158538709	0.0145842	-0.127703	0.0127282	0.000450709	0.000244402	0.00034118
610.8117606355862	488.48142644450166	492.58191924527273	1.40657091	39.85855865	0.99983424	0.32305722000000003	-0.014415978400000001	0.0393560374	-0.1565738563	-0.0099682329	0.1029930211	0.10280972949999999	-0.0495971844	-0.04287509269999999	-0.0825478795	-0.1721306152	-0.0392227255	-0.099788813	0.048925984400000004	-0.078900336	-0.11375105210000001	0.0273998	0.132533	-0.00390872	-0.00021371	0.000244402	0.000344135
608.428044822227	488.0286408393306	491.00894609695814	1.30115402	36.87131882	0.93986017	0.14432337000000003	0.0436116451	-0.0573849101	-0.10134190109999999	-0.0427718113	-0.1457854576	0.09361819789999999	0.0089978362	0.0747913585	0.0099832827	-0.12281548910000001	-0.0548416683	0.1757344701	0.0464946861	-0.0827962133	-0.1111401934	0.0327252	0.054757	0.0221585	0.000236107	0.000226338	0.000579349
606.6655744138595	486.9584907652672	489.9028844951872	1.16267216	32.94710159	0.88476348	0.07790952000000001	0.1343760819	-0.028959115299999998	-0.1433032003	0.043600974400000006	0.0463184272	0.004015635300000001	-0.0271394256	-0.042203369299999995	0.1096603267	-0.11828496359999999	0.0236981501	-0.0535483393	0.044040307199999996	-0.0865277063	-0.1080329557	0.0235313	0.093768	0.0184662	-4.89532e-05	9.37108e-05	0.00047679
605.9177121523924	486.3831692147345	490.4174748772495	1.17017138	33.15961075	0.90536159	0.09376562550000002	0.0906334093	-0.1288825459	0.0355989607	-0.0808962127	-0.037173349	0.0688059455	0.09848444029999999	-0.0291620296	0.15477727230000002	-0.0259264788	-0.0743323446	0.0843462458	0.0415640661	-0.09008740650000001	-0.1044432166	0.0277084	0.144838	-0.00966284	-0.000126255	1.74989e-06	0.000515317
605.1066169496839	487.3507480938741	491.4390144960236	1.15996397	32.87035751	0.89644569	0.10163687949999999	0.0688522871	-0.077955045	0.018334190400000002	0.1250944878	-0.0593430437	-0.11920724279999999	0.0256770791	0.0690606277	0.0826926203	0.082476562	0.1182157732	-0.0263266835	0.039067192	-0.0934682466	-0.10038700869999999	0.0280956	0.0620564	-0.0115825	-4.89532e-05	-5.38867e-05	0.000713347
606.7259891738746	487.47441823995024	492.46401102548487	1.15965128	32.86149979	0.92766905	0.15163734	0.11364025009999999	0.0422675166	0.0364345605	0.0041289934	0.1171880314	-0.0446385629	-0.034211213	-0.1292114916	0.0383973303	0.051609815499999996	-0.0049125231	-0.090943527	0.036550924500000005	-0.0966635141	-0.09588244800000001	0.0198214	0.180311	-0.010168300000000002	-0.000243418	1.19863e-05	0.000499798
609.0258515146189	488.4095068477314	493.7298792835972	1.32932627	37.66964722	1.06303549	0.19881779	-0.06516032299999999	-0.1272971813	0.1142687704	-0.1665335417	0.054943708499999994	0.021549726600000003	0.19385920510000001	-0.107708537	-0.1155315183	0.0374878979	-0.0661943165	0.0075674616	0.0340165126	-0.0996668652	-0.0909496531	0.017111	0.330725	-0.0278519	-0.000650916	6.41511e-05	0.000399265
610.4004948942021	489.2099355385517	495.62753874626634	1.49051213	42.23723221	1.26185441	0.5506110449999999	-0.0661723989	0.0771613334	0.1760639965	0.1725338646	-0.1493878593	0.0384233565	-0.10578503210000001	0.1559049526	-0.0895870394	0.2172216182	-0.078171377	0.027906384700000002	0.031465214500000005	-0.10247233689999999	-0.0856106549	0.0178803	-0.157411	-0.0292206	0.000415888	0.000199819	0.000403534
611.6359402511266	488.95607887584237	496.7265306187976	1.45827997	41.32385635	1.1894666	0.539523585	-0.1754644535	0.11929770640000001	0.0323816526	-0.0855645229	0.138598831	-0.0427459015	0.0305190513	-0.1580702313	-0.2631967064	0.1130982951	0.0282708094	-0.0432012275	0.0288982966	-0.1050743592	-0.0798892988	0.0178509	0.283212	-0.0369399	-0.00119294	8.42313e-05	0.000304912
611.9207401100302	488.93806551420664	496.31598612657183	1.44900465	41.0610199	1.1833446	0.57359885	-0.13365643900000002	0.14476516539999998	-0.0019479457	0.1529753208	0.0693137857	0.19727393129999998	-0.124851227	0.1142310936	-0.0782254621	0.004187036	-0.2171560234	-0.0881440961	0.0263170331	-0.1074677662	-0.07381113759999999	0.011920300000000003	-0.191909	-0.025881	0.000415888	8.42313e-05	0.000283973
611.8096232502943	488.6215389785541	494.6072628113737	1.28353345	36.37199783	1.00358522	0.33259340000000004	-0.1075127565	0.1362072555	-0.057482178099999996	-0.1092838225	-0.0869218329	0.08206779730000001	-0.0478098853	-0.0242627104	-0.10844432	-0.0418290552	-0.0167733979	0.138740361	0.0237227056	-0.10964780589999999	-0.0674033181	0.0179306	0.103427	-0.0257954	-0.000207342	8.42313e-05	0.000283973
608.8485703019226	488.228154493961	493.0551453366269	1.29485345	36.69277573	0.94337136	0.097432385	-0.058218230999999995	0.034750332	-0.1215573744	0.0608923813	0.1163989982	0.11108766980000001	-0.0066800982999999994	0.0154079879	-0.0101382337	-0.1439334807	-0.0770137312	-0.1168123424	0.021116601800000002	-0.11161015	-0.0606944589	0.0323863	0.0548269	-0.0119449	-0.000158962	0.000381038	0.000349308
608.9749984409046	487.97567155261163	491.750888136962	1.32105291	37.43519974	0.93052119	0.13814164999999998	0.0363768359	0.027767383599999997	-0.059893012300000006	-0.0632526128	-0.13513755730000002	0.0651914993	-0.0527190958	0.0465493665	0.0342841127	-0.0559976845	-0.0648410371	0.149145224	0.0185000154	-0.11335090240000001	-0.05371452349999999	0.0349183	-0.0249566	-0.0055208	0.000724707	0.000334231	0.000406873
607.2540207186122	487.76466795162764	491.0962035708796	1.20203662	34.06258774	0.96464723	0.307779175	0.09699990630000001	-0.0552765136	-0.0500470605	-0.0373616883	0.12391541210000001	0.0245163082	0.0317562609	-0.11253847970000001	0.023626983799999998	-0.1154986847	-0.0537488507	-0.09466726880000001	0.0158742454	-0.11486660720000001	-0.0464946861	0.017940999999999995	0.20064	-0.007676289999999999	-0.000229972	8.42313e-05	0.000350556
607.7969609452771	488.11374816116233	491.9163753743396	1.30854213	37.08067703	0.99449748	0.32537764	0.0587432216	-0.048637018600000005	0.0527167037	0.0490561597	-0.17805307210000001	-0.0497551946	-0.0241491383	0.0897479108	0.0517482708	0.030784275099999998	-0.0207859696	0.1300001066	0.0132405952	-0.1161542549	-0.039067192	0.0392575	-0.0494222	0.0157504	0.000375815	8.42313e-05	0.000356214
608.848431909095	487.8488946828439	492.81867869672635	1.24060678	35.15556717	0.96798766	0.26312404	0.0656171872	0.026355026400000002	-0.0171812549	-0.0058494201	0.14983885130000002	0.0039665761	-0.0272902879	-0.1193577355	0.0018696273000000001	-0.035980916200000004	-0.037491390699999995	-0.0951695902	0.0106003721	-0.1172112891	-0.031465214500000005	0.0198767	0.166595	0.00622116	1.1879e-05	8.42313e-05	0.000356214
608.8708263849027	488.3046320277572	492.6531088005103	1.15069544	32.60771179	0.93523097	0.315739884	-0.0079957025	-0.047574139	-0.0323062819	0.09683528279999999	-0.0596424849	-0.12217927519999999	-0.0165942693	0.099041054	0.0181429618	-0.0190476768	0.0959303313	-0.0078724907	0.0079548869	-0.11803561109999999	-0.0237227056	0.0331062	-0.0450725	-0.000654559	0.00125998	-0.000201272	0.000210475
606.8741198245239	487.4581167464722	492.2648334848832	1.10128725	31.2076149	0.89263904	0.230081359	0.078129013	0.0072033467	0.0712818482	-0.0447086189	-0.07797406280000001	-0.0372953692	-0.0122570666	-0.05654533269999999	0.0434766071	0.048265757199999995	-0.0245790029	0.1113921195	0.005305452800000001	-0.1186255844	-0.0158742454	0.0244449	0.11237	0.0124083	0.000460254	-0.000128443	0.000356214
606.3113265176205	487.66796501256766	493.51274798505926	1.23955059	35.12563705	0.96330172	0.08684284	-0.0123688708	-0.0847615032	0.0867145542	0.0943288908	0.1342626035	0.0275703034	0.1058746043	0.0080947847	0.027307707	0.057807196	-0.0421623379	-0.17667867489999997	0.002653385	-0.1189800375	-0.0079548869	0.0249616	0.138135	-0.0261073	0.000680972	5.87808e-05	0.000323245
607.9327872153984	487.8281409232115	494.86940203172287	1.30295324	36.92230225	0.96051902	0.14582961000000003	-0.0432031903	0.047844798099999995	0.1191058366	0.0033501727	-0.1255732816	-0.0626154669	0.0102229787	0.0391593802	0.0080230974	0.1628266997	0.0301041442	0.1356086752	0.0	-0.11909826679999999	-0.0	0.0382056	0.0579613	-0.0150234	0.000220486	0.000188004	0.000560096
609.2934780816837	488.22466735512296	495.558502379948	1.4064728	39.85577774	1.10518014	0.42864513500000007	-0.1058403059	0.0120970722	0.0382198356	-0.0753073705	0.2011095075	-0.1119370612	0.09741854949999999	-0.16499761300000002	-0.16739559	0.090438409	0.0574615423	-0.1140888943	-0.002653385	-0.1189800375	0.0079548869	0.00971917	0.370356	-0.0228765	-0.000865217	-1.83691e-05	0.000253954
611.0059383544684	489.0120139917556	495.7646441121633	1.51736403	42.99814606	1.23501396	0.662459325	-0.08440415820000001	0.11774150539999999	0.109702985	0.08616074580000001	-0.0699549075	0.1953612638	-0.1157510527	0.15174858189999998	-0.0511423445	0.09011001960000001	-0.2325199078	0.0119120867	-0.005305452800000001	-0.1186255844	0.0158742454	0.0197792	-0.207434	-0.0184046	0.000115253	-0.000365994	0.000328607
610.3219003490512	488.33591765115415	494.249029186202	1.32075417	37.42673492	1.03823686	0.40427845	-0.0124162102	0.1376405399	-0.0317234252	-0.0564115145	0.1053749764	0.1165854677	-0.0619966158	-0.1039293852	-0.0420470301	-0.0143084686	-0.0941728401	-0.0275810785	-0.0079548869	-0.11803561109999999	0.0237227056	0.0197415	0.152225	-0.018362	-0.000396793	-1.2027e-05	0.000303837
606.922909586985	487.9043789363608	493.5757679688021	1.38934302	39.37036514	0.96259278	0.101499165	-0.0873460001	-0.0607083167	-0.0431944613	-0.0339935444	-0.0442962729	-0.0489260193	0.0742449692	0.0396531943	-0.0249049666	0.010178090899999999	-0.011194018500000001	0.0623927034	-0.0106003721	-0.1172112891	0.031465214500000005	0.0287706	0.0820394	-0.0310043	-0.000498127	-2.30333e-05	0.00038434
608.6151141822144	487.573178238688	493.9797279834552	1.41889679	40.20783997	0.94413686	0.235677735	0.0544867495	0.0342896314	-0.029850749700000002	0.0950561976	0.0506514975	0.1929853421	-0.0625005123	0.044860531399999994	0.08001599429999999	-0.0316811278	-0.1732653152	-0.0137850717	-0.0132405952	-0.1161542549	0.039067192	0.0242657	-0.0569033	-0.00924025	0.000305475	-0.000615994	0.000371581
607.001705430795	487.77713711474786	492.8148920732145	1.14535737	32.4564476	0.90101677	0.18899825	0.0613049108	-0.0062267836	-0.1065368144	-0.0299181507	0.059760407800000005	-0.0088034901	-0.0171288114	-0.0637031629	0.0379113402	-0.06601536849999999	0.0019160553	-0.0749025313	-0.0158742454	-0.11486660720000001	0.0464946861	0.0280589	0.103065	-0.004916	0.000197747	-0.000365994	0.000432103
606.0552368799478	487.29817331175127	492.1064301837321	1.09292221	30.97056961	0.92915356	0.1260751	0.028900774700000003	-0.1652447558	-0.0711049982	-0.043678236100000004	-0.0206349822	-0.024844700600000002	0.1384600631	0.00330529	0.027419820299999998	-0.0258176429	0.0131606025	0.0226784111	-0.0185000154	-0.11335090240000001	0.05371452349999999	0.0197378	0.177561	-0.0136487	-0.000308287	-0.000269768	0.000343857
605.5164736004563	487.84142727442213	493.4886756280534	1.29530799	36.70565796	1.02486396	0.2964824	0.1366848448	-0.0166600567	0.0789306202	0.18749699190000002	0.020449603700000003	0.0224872089	-0.0797159289	0.027774088	0.11324506349999999	0.0747436395	-0.022059176099999998	-0.1632853493	-0.021116601800000002	-0.11161015	0.0606944589	0.033433	-0.0569642	-0.0342576	0.000213539	-0.000287251	0.000330104
608.6884623810671	488.7299361609928	495.4082704953552	1.3028605	36.91967392	0.99025893	0.27609555	-0.0869277467	-0.0322771226	-0.0155381552	-0.0448234121	0.021794523399999998	-0.089683148	0.0683294091	-0.021477432400000003	-0.11954626480000001	0.0043992853999999994	0.08105830809999999	0.0296733969	-0.0237227056	-0.10964780589999999	0.0674033181	0.0197356	0.160568	-0.0128512	-0.000124396	-0.000162339	0.000336448
609.7199796153162	488.89517722885716	495.08714570678535	1.10515416	31.31719017	0.91274184	0.25057993999999995	-0.050530526299999996	-0.0046738868	-0.0659806559	0.030377269	-0.0719714076	0.012915600900000001	0.0033993532	0.1013755484	-0.095189451	-0.0408929619	0.0205602369	0.05159777	-0.0263170331	-0.1074677662	0.07381113759999999	0.0373333	-0.00281519	-0.0239343	0.000792272	-0.000132336	0.000560096
607.4754366622823	488.16637930108436	494.00790782048796	1.38860869	39.34955597	1.12538397	0.42611279	0.121076714	0.1154553514	-0.0109034052	-0.20117262100000002	0.0139572871	-0.0412234452	-0.0480916504	-0.24181647829999997	-0.0665080533	0.0005956164	-0.0054721467000000005	0.0755868574	-0.0288982966	-0.1050743592	0.0798892988	0.0251515	0.307005	-0.0394222	-0.000785994	-0.000150739	0.000384307
609.1396607439183	488.0318320997228	495.6381714773257	1.59776914	45.27661896	1.2164309	0.649872995	-0.0507652089	0.011476168	-0.0186422104	0.1701010091	-0.0429539516	-0.1160695611	-0.0995338068	0.1597802841	0.0074867339000000005	0.051868379699999995	0.10205565970000001	-0.0699025558	-0.031465214500000005	-0.10247233689999999	0.0856106549	0.0226994	-0.207931	-0.0143756	0.00104532	-5.90081e-05	0.000158586
608.538306162662	487.7425827389843	494.88924864014785	1.19932735	33.98581314	1.01599514	0.38530551	-0.07863494389999999	0.00726706	-0.058170865	-0.0504879814	-0.008012951899999999	-0.0356148355	0.0556271554	-0.0140819484	-0.0265061298	0.0041707891999999995	0.0916862115	0.0456442705	-0.0340165126	-0.0996668652	0.0909496531	0.0237419	0.125341	-0.0230933	0.000368568	4.94044e-05	9.82843e-05
607.1067330060977	487.5072466581057	494.5052826544722	1.0279932	29.13064957	0.89131224	0.09020894	0.006810448199999999	-0.026253416800000002	0.0864979043	-0.012749391399999999	-0.0963547868	0.1071251461	0.0372139855	0.0416614312	0.0545633629	0.0504054172	-0.0671283747	0.0907391358	-0.036550924500000005	-0.0966635141	0.09588244800000001	0.0315072	0.0640368	-0.0259005	0.000251751	-2.35827e-05	0.000275125
609.0912987411083	488.17457936089767	496.00795206245635	1.2165668	34.47433472	0.9438923	0.027647664999999995	-0.010775706999999999	0.07583630150000001	-0.0015392898000000002	0.0432948136	0.1154231308	0.0026852921	-0.06553349259999999	-0.044755572599999995	-0.0032945224	-0.0021716816	-0.0305171662	-0.11999232630000001	-0.039067192	-0.0934682466	0.10038700869999999	0.0286616	0.0682131	-0.028087	0.000110393	-0.000152268	0.000373867
609.485340865987	488.925575216912	494.2823405134196	1.18906784	33.69508743	0.93766934	0.040653850000000005	-0.0662698655	-0.0016576451000000002	-0.0794724713	0.014980726399999998	0.0717373409	0.047620167000000005	-0.0089282511	0.0293843648	-0.0699972245	-0.1037561631	-0.006034469000000001	-0.0584299241	-0.0415640661	-0.09008740650000001	0.1044432166	0.0287954	0.0682338	-0.0201096	0.00053098	-0.000203427	0.000195174
609.6190660813556	488.3256816658368	492.4639562271026	1.06608748	30.21014404	0.91487896	0.10383545	0.0062989064	-0.0266427673	-0.1208075201	0.039772145099999996	0.027131691	0.0249823794	-0.028418956699999998	0.057472252800000005	-0.008752106899999999	-0.1636011147	0.005453229	-0.0563588703	-0.044040307199999996	-0.0865277063	0.1080329557	0.0383654	0.0328123	-0.0114447	0.00124923	-0.000288022	0.00039591
607.2725401952349	487.4250699418438	491.0578694277058	1.11491776	31.59386826	0.89908475	0.148277425	0.0984733032	-0.03857708	-0.06826617809999999	0.002245761	-0.0010852385	-0.1349992351	-0.0238785216	-0.0368369304	0.0801033832	-0.10582709679999999	0.1436086972	-0.050327953200000004	-0.0464946861	-0.0827962133	0.1111401934	0.0415221	0.116311	0.00840512	0.000675863	-3.80219e-05	0.000383833
606.5207022852534	487.119871323873	492.88998153885666	1.26368415	35.80952072	1.07249069	0.246868775	0.0383218455	-0.16277688029999998	0.19513632960000002	-0.0811286785	0.055065404299999995	0.049497142599999995	0.1842576632	-0.08522159369999999	0.0655768176	0.0639712022	-0.0638952591	-0.046039374400000006	-0.048925984400000004	-0.078900336	0.11375105210000001	0.0258662	0.264559	-0.0150126	-0.000340854	-0.000170608	0.000342193
608.7026036118575	487.9864781606497	496.31187717048965	1.35864401	38.50043488	1.15199673	0.4134281	-0.1377245153	0.0102218369	0.1694390768	0.1301391124	-0.0811693637	-0.10075177380000001	0.012511051499999998	0.1566389159	0.0147674198	0.2001174496	0.06574946	-0.0219300494	-0.0513329951	-0.0748478095	0.1158538709	0.02983	-0.0729818	-0.0210673	0.000747293	-0.000224846	0.000167202
610.0877271028701	488.26614669548655	496.08255498489785	1.25745082	35.63288116	1.02523768	0.21790244999999997	-0.08153289059999999	0.18322930440000001	0.0953423236	-0.048930485700000005	-0.0576812082	-0.0543757121	-0.0886560799	-0.0589657755	-0.10187230480000001	0.1580449241	0.1018781211	0.0798080986	-0.05371452349999999	-0.0706466795	0.11743925820000001	0.0375427	0.11395	-0.0260957	0.000569248	-0.000288022	0.000290572
609.1521035172742	488.0950162375836	494.059146152212	1.14571047	32.46645355	1.01671398	0.25145955	-0.11713013380000001	0.0060473753	-0.05342853349999999	0.018933625200000002	-0.08471389160000001	0.0350116633	-0.0064639153	0.11637272679999999	-0.0601192096	-0.0074271447	0.0598581841	0.0266342	-0.0560693873	-0.0663052871	0.1185001333	0.0362914	-0.0461065	-0.0260609	0.00219692	-0.000394024	0.000359237
606.519607723795	487.2004982006517	492.84952022214685	1.03182685	29.23928642	0.92600501	0.24310943900000004	0.0179950062	-0.0187038005	-0.046035332199999994	-0.0383627208	-0.11340098550000001	-0.0546033285	0.0093878774	0.029225215699999998	0.0573084467	-0.035125355	0.07102347349999999	0.1299169217	-0.0583964175	-0.0618322517	0.119031758	0.0432485	0.0947893	-0.000281611	0.0012648	-0.000117426	0.000540064
605.3064310310161	486.7764198495552	492.9319737046215	1.19977498	33.99850082	0.9837563	0.200069039	0.1257996892	0.07166915809999999	0.06759395809999999	-0.0912030309	0.0901849191	-0.052578198099999994	-0.035308954	-0.1758323618	0.10912801650000001	0.0425066109	0.0188789143	-0.024020054300000003	-0.0606944589	-0.0572364541	0.119031758	0.0320975	0.198833	-0.0182978	9.2305e-05	-0.000248945	0.000573213
608.9889761165349	487.5820193684712	495.52742468641736	1.38845527	39.34520721	1.10676396	0.31746549999999996	-0.1323395379	-0.0275727559	0.049004142599999995	0.040934282200000005	-0.06332707679999999	-0.0591003325	0.0453694525	0.1382927025	0.042976588499999996	0.07257904820000001	0.0424519701	0.0218064733	-0.0629623707	-0.0525270188	0.1185001333	0.0357462	-0.0596666	-0.0261207	0.000907262	-0.000198944	0.000488285
609.1001558821013	488.4602006882995	494.47944161973663	1.36698365	38.73675919	1.01808321	0.21411625	0.005757785600000001	0.1329937216	-0.0069004714	-0.09360188009999999	-0.0462530563	0.0003233877	-0.0824236579	-0.0532115992	-0.0162765505	0.012336806799999999	0.008072124	0.14124307349999998	-0.0651990272	-0.047713295999999995	0.11743925820000001	0.0344131	0.104969	-0.030608	0.000101045	-0.000264548	0.000486901
607.9484759296303	488.464265494581	493.4459494960845	1.30671012	37.02876282	0.97644442	0.07133418	-0.007657865	-0.0370012102	-0.1252779325	0.028446492099999998	0.14096383769999998	0.0141262751	-0.0064374777	0.011437204099999999	-0.0365244215	-0.10356531570000001	-0.0597773645	-0.1444127507	-0.0674033181	-0.0428048428	0.1158538709	0.0389336	0.07266459999999998	-0.00996672	0.000165102	-0.000151451	0.000587107
609.5142523858776	487.933917467976	492.61137623515884	1.18133104	33.47584534	0.93597561	0.23330389	0.060130193600000006	-0.0335093407	-0.1677459215	0.0571272892	-0.0416405594	-0.054773801799999994	-0.056987675700000004	0.0678204447	0.0194663203	-0.1568820139	0.1143361296	-0.0453524189	-0.069574149	-0.0378114046	0.11375105210000001	0.0427623	-0.0467971	-0.00027793	0.00144913	-0.0007453889999999998	0.000458579
606.0389694320718	486.8014638466671	490.81582589932714	1.15391791	32.69902802	0.93078899	0.28478349	0.08218068719999999	-0.1454689672	-0.0849367342	-0.0652109531	-0.061450102300000004	-0.0832099925	0.0864325813	-0.0218598347	0.074478402	-0.09591606529999999	0.0853752006	0.110921592	-0.07171044230000001	-0.0327428954	0.1111401934	0.0371754	0.144775	0.00279746	0.000332569	-0.000303065	0.000590676
605.0755792127085	485.89911912034233	491.12660449516864	1.10937965	31.43693161	0.91579795	0.24191043	0.1758250461	-0.0633064718	0.10659646210000001	0.038280438300000004	-0.0769706746	0.1013898181	-0.028104883599999998	0.0094321698	0.2293798914	-0.0265112728	-0.056578752999999996	0.0718502871	-0.07381113759999999	-0.0276093781	0.1080329557	0.0429856	-0.0102894	0.00114978	0.00135603	-0.000611736	0.000846307
606.3158054127819	486.46965730265134	492.4180634129091	1.43786097	40.74523544	1.10117471	0.500949105	0.0192588637	-0.1831409416	0.0426273225	-0.0510310849	0.1859733346	-0.0654272759	0.23349063690000002	-0.1014524917	0.06510390740000001	0.012140809399999999	0.005878960600000001	-0.1256095323	-0.0758751921	-0.022421045	0.1044432166	0.0317184	0.326149	-0.0199766	-0.000415242	-1.42495e-05	0.000572723
605.8113887169727	487.9526000784794	493.9357597548384	1.46911657	41.63093948	1.16817868	0.474898775	0.08394471220000001	-0.0022082798	0.17964296289999998	0.18670750260000002	-0.0234544442	0.052227933899999995	-0.0588247076	0.06263233230000001	0.0979862464	0.1501832102	-0.0335256767	-0.09534360859999999	-0.0779015812	-0.017188197	0.10038700869999999	0.0392206	-0.0862841	-0.0289089	0.000428359	-7.6059e-05	0.00055751
609.7969889335276	488.67168333057833	496.3181782463381	1.35635805	38.4356575	1.1144408	0.40024967000000006	-0.043210734199999996	0.1142816275	0.1506322211	-0.1756830013	0.0402066891	-0.022205808599999998	-0.0040830321999999995	-0.1695206045	-0.1310332454	0.1651772583	-0.0641827775	0.08530175640000001	-0.0798892988	-0.0119212234	0.09588244800000001	0.0314074	0.250419	-0.0329073	-0.000540767	-1.04856e-05	0.00055751
610.9766368184263	489.4377196743097	496.23120638822326	1.4093374	39.9369545	1.13681042	0.46213677	-0.1822315256	0.0211457919	-0.06492954349999999	0.0908795681	-0.0459119699	-0.0477714306	-0.018978098	0.1606423601	-0.1741073898	0.0044041652	0.054241812599999994	-0.0128343385	-0.0818373583	-0.0066305813	0.0909496531	0.0292354	-0.112759	-0.0356744	0.000885021	-0.000280667	0.000373086
610.8272857946575	488.74777340450464	494.9056270829877	1.49910188	42.48064423	1.03480029	0.2539567	-0.011749157199999999	0.1288105084	-0.060985505499999995	-0.1176349912	-0.1360881468	0.11647401140000001	-0.0879461056	-0.041566868	-0.1021898693	-0.053543588499999996	-0.0268205552	0.16037105140000002	-0.08374479259999999	-0.0013267748	0.0856106549	0.0352453	0.0922995	-0.0356938	0.000388434	-0.000457034	0.00055751
607.5898749498901	487.9061401175919	493.25862371989837	1.22685659	34.76592255	0.97740954	0.22475485	0.0628319561	-0.0388621373	-0.0998678099	-0.030696132400000003	0.0045802561	0.17653028839999999	-0.008518105	0.041999189699999995	0.0241233621	-0.1434444812	-0.1419420224	-0.0030319440999999996	-0.0856106549	0.0039796658000000006	0.0798892988	0.037042	-0.0163441	-0.0192211	0.00169384	-0.000879896	0.000328941
606.9958048638548	487.06255544187553	491.90389186023236	1.11307478	31.54164124	0.90687817	0.14640185	0.1455045707	-0.051529039699999994	-0.11435538210000001	0.011644445500000001	0.031965655600000004	0.0769472563	-0.035326597	0.006181611	0.12268289369999999	-0.1509230394	-0.0666712746	-0.029534221099999997	-0.08743401890000001	0.0092782053	0.07381113759999999	0.0451937	0.0449004	-0.0137005	0.00116557	-0.000457034	0.00080751
605.8331541344704	486.7090441003618	492.0698256029318	1.18457329	33.56772232	0.89124674	0.15641695	0.105262312	-0.0791925991	-0.015927480600000002	-0.0115708378	-0.0032047992	-0.1518624247	0.0367825743	-0.0575586902	0.11561477390000001	-0.0184571509	0.124597419	0.0143868501	-0.0892139795	0.0145583237	0.0674033181	0.03929	0.139649	-0.0136868	0.000372188	-0.000528671	0.00055751
607.3219715971709	486.9459088865502	493.45183192705287	1.11945891	31.72255135	0.91632271	0.10561049999999998	0.0268398275	-0.06594211030000001	0.12126665810000001	-0.0041507345	-0.0779440114	0.1026811404	0.0769365557	0.0405906101	0.12319086289999999	0.0518284262	-0.07920158990000001	0.0594843977	-0.0909496531	0.0198095379	0.0606944589	0.0392931	0.0698218	-0.0250584	0.000277831	-0.000457034	0.000879688
606.3983378629488	487.639539547491	492.7771645868698	1.26272535	35.78234863	0.98847604	0.152458195	0.124782003	0.09519056890000001	0.030654503399999998	-0.0735156347	0.0604424326	-0.05031786269999999	-0.06699281559999999	-0.1426219159	0.0528743594	0.0298501735	-0.030057834500000002	0.0271845497	-0.092640178	0.025021422	0.05371452349999999	0.0345792	0.184598	-0.0234075	-4.21839e-05	-0.000343708	0.000686685
607.6462888990599	488.0476052388317	493.2407681193399	1.52863622	43.31756973	1.1757102	0.08807250499999998	-0.0883579942	-0.20316159039999998	0.016070769199999998	-0.0067264839	0.136844989	-0.0975379049	0.2447047949	0.0252830451	-0.0479868316	-0.023098340499999998	0.0029881304	-0.1165743375	-0.0942847151	0.0301836285	0.0464946861	0.0341368	0.230639	-0.037837	-0.000241154	-3.5302e-05	0.0007225009999999999
606.5389198138872	487.74313222752914	493.4275285681193	1.71139455	48.49646759	1.30948246	0.35615196749999994	0.1184095407	0.1290943441	0.1013229482	0.0694686516	-0.0009584399	0.021411294900000002	-0.165369316	-0.0408870016	0.07326512389999999	0.112904484	-0.0694346577	-0.0285913733	-0.09588244800000001	0.0352859082	0.039067192	0.0392825	-0.0459668	-0.07017900000000002	9.57935e-06	-0.000460747	0.00055751
609.4335190424756	487.4649501296502	495.0366186469754	1.43305016	40.60890961	1.07697272	0.1521147325	-0.0984948792	-0.041421170099999995	0.0592473409	-0.09658036099999999	-0.094641944	0.0186284741	0.0586469332	-0.0016381637	-0.0314364643	0.0745994598	-0.0023690332	0.1346781549	-0.0974325836	0.040318131	0.031465214500000005	0.0392646	0.0557614	-0.0467726	0.000182238	-9.4161e-05	0.00055751
606.5848410704582	487.2486207166217	494.7094123451018	1.31701517	37.32078171	0.98802966	0.1542107	-0.0990644532	-0.1400683102	0.011338261899999999	0.0870069327	0.1535088695	0.0636119829	0.20268308129999998	0.046415375999999994	-0.0155122855	0.0054604527	-0.057533296500000004	-0.11848322480000001	-0.0989343523	0.0452703058	0.0237227056	0.0351314	0.187613	-0.0404449	0.000293295	-0.000162372	0.000616206
609.0113328488428	488.45310665029916	495.5249476888777	1.58680379	44.96588898	1.21094525	0.3079032	0.0473591409	0.1625047867	0.017160873700000003	0.059288771	0.0725449452	0.0474990874	-0.17435635489999998	-0.007493356	0.028655846000000002	0.0269584333	-0.0762577024	-0.0728080799	-0.10038700869999999	0.0501326007	0.0158742454	0.0392543	-0.0512652	-0.067964	0.0008484579999999999	-0.000170264	0.000431601
611.5028315129008	488.7478156728541	494.96293198301163	1.32908726	37.66287231	0.98585844	0.08660770000000001	-0.0912141319	0.0554086589	-0.11708398630000001	-0.0217829032	-0.05073867940000001	-0.030093551200000002	-0.0864185918	0.06579820980000001	-0.0747782279	-0.1145716307	0.1069872	0.0209192504	-0.1017898316	0.0548953619	0.0079548869	0.0392786	-0.0765471	-0.046751	0.00139052	-0.000409978	0.000411607
608.8834830380828	488.5413981877962	492.5325263459077	1.17884851	33.4054985	1.00594151	0.314022945	-0.011149818999999998	-0.0448524076	-0.11470332949999999	-0.1355320791	-0.09182235	0.0911892352	0.045373066600000005	-0.0030842756	-0.057270395599999996	-0.134276351	-0.0099592459	0.1558414954	-0.10314212460000001	0.059549133399999996	0.0	0.0392576	0.149087	-0.0239407	0.000702079	-2.76241e-05	0.000651963
604.613661696268	488.193240837227	492.9143972621516	1.25478375	35.55730438	0.99995118	0.239697945	0.1439762317	-0.0314181999	0.0141920816	0.1424093998	0.0085351057	0.0028360583000000003	-0.0710189296	0.0170499945	0.0868441383	-0.0498639528	0.0490633012	-0.09805611269999999	-0.1044432166	0.0640846757	-0.0079548869	0.0547988	-0.0179789	-0.0179612	0.0012475	-0.000409978	0.000557511
609.7456326131647	488.36802750736666	495.6773120976927	1.29996872	36.83773041	1.00103021	0.16550279999999998	-0.08096781809999999	-0.0392012414	-0.0086093413	-0.0231048305	-0.0113749647	-0.027060622799999996	0.0680983738	0.0353871195	-0.0529589116	-0.0174079204	0.0808614896	-0.020533063799999998	-0.1056924615	0.0684929837	-0.0158742454	0.0392845	0.0880947	-0.0296315	0.000667605	-0.000409978	0.000622508
609.8003732672312	488.7313380612519	495.104427492644	1.12582552	31.90296364	0.94135159	0.03556345	-0.007009960500000001	0.07040182980000001	-0.0785449163	-0.0188699095	-0.0646443619	-0.0818838759	-0.0787222125	-0.022830452299999998	-0.0793210024	-0.06308989450000001	0.17371882660000001	0.0359246814	-0.1068892392	0.0727653053	-0.0237227056	0.0447658	0.088231	-0.0112567	0.000885269	-0.000409978	0.000608751
609.1772784308084	488.1707047621898	494.4416844278794	1.05859768	29.99790382	0.91691768	0.0905938	-0.0243622311	-0.0674441645	-0.0797223549	-0.047083951799999996	0.0290782989	-0.0602912151	0.0561524804	-0.013191723	-0.0748523087	-0.11443580140000001	0.1466663745	-0.05524489900000001	-0.1080329557	0.0768931581	-0.031465214500000005	0.0454053	0.131151	-0.0112281	0.000244713	-0.000409978	0.000908309
609.1236700817	487.54319588940353	493.91331474370514	0.92947477	26.3388958	0.86937344	0.19998385	0.0138748485	-0.0486643319	-0.039299218	0.040877447000000004	-0.048915228	-0.040905400099999996	-0.0026858922999999997	0.0727887215	0.06603694480000001	-0.06889509889999999	0.1145232762	-0.0201700277	-0.1091230432	0.0808683467	-0.039067192	0.0531792	-0.0216097	-0.011843	0.000990927	-0.000409978	0.000877836
608.0024365513922	486.83989282113816	493.40033805405454	0.92736667	26.27915764	0.89388937	0.1932672	0.048198833200000006	0.0443486379	-0.0143238268	-0.0173050859	-0.0039545729	-0.1823843956	-0.036229624	-0.0727951397	0.109036307	0.014080376100000002	0.2073601718	0.022160217799999996	-0.11015896050000001	0.0846829786	-0.0464946861	0.0469236	0.0989563	-0.0326837	0.000204263	-0.000409978	0.00100327
607.7917145989787	487.4674862306234	494.2939419027491	1.3612045	38.57299042	1.13369632	0.2384409	-0.068564227	-0.1597344766	0.1471829404	-0.1639924832	0.0297034587	0.10115512189999999	0.2594684714	-0.060249215999999994	0.015306974899999999	0.0555768098	-0.1122839767	0.1168584567	-0.1111401934	0.0883294804	-0.05371452349999999	0.0446001	0.285533	-0.0426855	-0.000442958	-0.000314228	0.000955463
608.3695801429693	489.0129579848954	495.99152749303335	1.54920483	43.90043259	1.28376877	0.5136494	-0.009649327099999999	0.0947557905	0.0797638306	0.2039163943	-0.0781917017	-0.0743835186	-0.10848452759999999	0.1122838625	-0.0379139254	0.22092760309999998	0.0531122193	-0.0517244138	-0.11206625490000001	0.09180061210000001	-0.0606944589	0.051047	-0.110392	-0.0643627	0.00120939	-0.000313171	0.000816862
611.0344850205398	489.5204458791166	497.1877981165638	1.23925281	35.11719894	1.02322686	0.33774740000000003	-0.0836234137	0.125426598	0.0101009175	-0.0121295236	0.11761223039999999	-0.0392801724	-0.0596639032	-0.09286999	-0.2375451355	0.08714953800000001	-0.005307489499999999	-0.0579931688	-0.1129366851	0.0950894822	-0.0674033181	0.0423959	0.141116	-0.0504458	0.000118383	-0.000409978	0.000731248
612.0256418736717	490.4180001924912	496.8449635746016	1.13044953	32.03399658	0.96884042	0.24703075	-0.1366751139	0.0615582533	-0.1173441108	0.1367091211	0.0747568684	0.025998376299999997	-0.0599985665	0.1028356536	-0.24174125989999998	-0.044022060599999996	-0.0620314026	-0.1318431978	-0.11375105210000001	0.0981895609	-0.07381113759999999	0.040087	-0.0557082	-0.0516492	0.0008022679999999998	-0.000159978	0.000731248
612.951779259965	489.2097594204292	495.2373838645955	1.39052069	39.40373611	1.02448165	0.2793092	0.018210068500000003	0.1806477798	-0.1312333751	-0.0955472596	0.0292840847	0.0715674486	-0.12189828720000001	-0.1015089891	-0.1612387556	-0.0959379004	-0.1014403954	-0.0404555515	-0.1145089515	0.1010946934	-0.0798892988	0.0401819	0.130118	-0.0560895	-0.000274256	-0.0006886	0.000905058
609.4160312214797	488.5879215512078	493.67137601492925	1.36730731	38.74592972	0.99909908	0.15852519	-0.034016343399999996	-0.0538035858	-0.1001650671	-0.1187650144	-0.1568210386	0.12275815179999999	0.010557266599999999	0.0190977228	-0.0828647971	-0.1216554093	-0.0930946735	0.1419217323	-0.11521000710000001	0.1037991117	-0.0856106549	0.054959	0.0372879	-0.0663899	-5.61372e-05	-0.000319329	0.00113002
607.7877389504642	487.71798960426867	492.28574248076484	1.35546315	38.41029739	0.93472129	0.12978916	0.10385891380000001	-0.033954862599999996	-0.1380721598	0.0838287992	0.0266936812	0.08916266130000002	-0.0412083662	0.039888181200000004	0.0802791295	-0.1310810736	-0.0420837579	-0.0814873543	-0.1158538709	0.1062974465	-0.0909496531	0.0672191	-0.0178628	-0.0580735	0.0009040160000000002	-0.000361895	0.0010515
606.1053099213606	487.30759210897764	491.88959870798266	1.32964623	37.67871094	0.9251222	0.22660741	0.151891535	-0.0109329219	0.0390925639	-0.07702771900000001	-0.0473422689	-0.061100141399999995	-0.0321203133	-0.0781436016	0.13796858480000002	-0.0325234169	-0.0512800208	0.1330537427	-0.1164402233	0.1085847375	-0.09588244800000001	0.0495038	0.0973494	-0.0441103	-3.75152e-05	-0.000875578	0.0011906200000000003
608.8700211902659	487.6983630006236	494.239530984594	1.28066361	36.2906723	0.93654466	0.04052736	-0.0133762633	-0.0820339211	0.0951033872	-0.0179245405	-0.064618025	-0.0610013481	0.0746686892	0.0069809201	0.0620057376	0.09786277	-0.0060339156	0.10574449779999999	-0.1169687732	0.11065644359999999	-0.10038700869999999	0.0440643	0.0951868	-0.0382477	0.000193863	-0.000614083	0.00114224
608.5246304350209	487.9664218287844	494.89582260085433	1.22886729	34.82289886	0.90923297	0.14966045	0.0067936297	0.0290421173	0.0421398043	0.12658098869999998	0.10006887199999999	0.07480814179999999	-0.0405756272	0.0278138631	0.052697154	0.043525897300000005	-0.09175480529999999	-0.0926039925	-0.11743925820000001	0.11250845150000001	-0.1044432166	0.0439754	-0.0084069	-0.0552023	0.000720811	-0.0006676	0.00114224
609.4260709920948	488.15596015291885	493.7843571775453	1.15893197	32.84111404	0.92762768	0.2349355	0.0132507428	0.0443846827	-0.0456194309	-0.0550738682	0.062545143	-0.0783930796	-0.024655491499999998	-0.09213191609999999	-0.0126369269	-0.026307871899999998	0.0717880147	-0.0756168845	-0.11785144480000001	0.11413708439999999	-0.1080329557	0.0435209	0.16435	-0.0342032	0.000137063	-0.000502188	0.0010769000000000002
607.3664082761329	487.4659293464151	492.944140052348	1.38188064	39.15890121	1.07895362	0.13710229999999998	-0.0413784327	-0.17459186570000002	0.0909707028	-0.12292413390000001	-0.033407376	0.1117347949	0.2381459287	-0.006137001	0.0095690506	-0.0073566042	-0.1162076259	0.1290272836	-0.1182051284	0.1155391086	-0.1111401934	0.0444392	0.255222	-0.0511866	-0.000296476	-0.000434495	0.00114224
605.808092451432	487.690268611684	494.19255770129683	1.61096787	45.65063477	1.30350637	0.39164095	0.0766392525	0.10617023960000001	0.0647056924	0.12686829060000002	-0.09998860279999999	-0.17622477399999997	-0.14253972609999999	0.0130048708	0.0630109792	0.204915714	0.080138604	0.0185136196	-0.1185001333	0.1167117406	-0.11375105210000001	0.0529875	-0.0486901	-0.0771009	0.000602718	-0.000600626	0.00114224
608.5961292024427	487.6371936540911	496.0502331651464	1.41125262	39.9912262	1.11271441	0.1276967	-0.0583424792	-0.0046496994	0.0707394536	0.0868516133	0.1581525402	0.08665230269999999	0.0263146475	0.0533389455	0.0276806852	0.057638845099999995	-0.1425199445	-0.09734825279999999	-0.1187363132	0.11765265230000001	-0.1158538709	0.0426377	-0.0307903	-0.0465096	0.00148632	-0.000816929	0.000865029
608.6672882783788	488.0302822602391	495.65831735502263	1.11798286	31.68072319	0.93712604	0.07868924	-0.044872519400000005	0.0678644659	-0.0363505016	0.0323686161	0.0164371102	-0.0431035504	-0.048326097400000004	0.0070779806	0.0187238103	0.0110637503	0.0805017949	-0.0858316334	-0.1189135508	0.1183599755	-0.11743925820000001	0.044971	-0.00291511	-0.0404496	0.00107027	-0.000661775	0.00114224
608.5614680896066	487.780434046012	495.1839386525954	1.08837008	30.84157562	0.93380606	0.18731546	-0.1037493691	-0.040796254500000004	-0.036725823500000004	-0.0660354563	0.007380149399999999	-0.05404119860000001	0.1030778618	0.008200914	-0.044405571	-0.0098953194	0.0831894704	0.0081869539	-0.119031758	0.1188323059	-0.1185001333	0.0443642	0.147365	-0.0404461	0.000376514	-0.00068359	0.00112931
607.1599765013879	487.8708319562632	495.73669933620477	1.14821935	32.53754807	0.96363455	0.22097495	0.0303785393	0.037038542	0.14147810119999998	0.023789882400000004	-0.058829935300000004	0.1477494615	-0.052101858200000004	0.0273868644	0.0712965142	0.0677068622	-0.15779157929999998	0.0519411394	-0.1190908764	0.11906870580000001	-0.119031758	0.0504816	-0.0127215	-0.0627109	0.000719027	-0.0008153019999999998	0.00130521
