CSF	WhiteMatter	GlobalSignal	stdDVARS	non-stdDVARS	vx-wisestdDVARS	FramewiseDisplacement	tCompCor00	tCompCor01	tCompCor02	tCompCor03	tCompCor04	tCompCor05	aCompCor00	aCompCor01	aCompCor02	aCompCor03	aCompCor04	aCompCor05	Cosine00	Cosine01	Cosine02	NonSteadyStateOutlier00	X	Y	Z	RotX	RotY	RotZ
632.5045104998435	490.49103197385597	494.8892878180045	n/a	n/a	n/a	n/a	0.0	0.0	0.0	0.0	0.0	0.0	0.0	0.0	0.0	0.0	0.0	0.0	0.0	0.0	0.0	1.0	0.0	0.0	0.0	0.0	-0.0	0.0
625.4226422460282	490.4629209900747	492.6896550999102	1.39652705	37.89147949	1.09905982	0.1179900958	-0.1344127381	0.049651457	-0.0692670067	0.0862700173	-0.035164739900000005	0.14258836490000001	-0.10773323369999999	0.08670435189999999	-0.0031448074	0.0279769876	-0.0876148833	0.1967112557	0.1195153378	0.1194927693	0.11945515820000001	0.0	0.00281223	0.0617245	5.13658e-05	-0.0008388719999999998	0.000229168	-5.29396e-23
622.5122370841424	490.9723491282203	491.40066727372323	1.35540354	36.77569199	1.04800761	0.0428442602	0.0041918433	-0.1611311594	0.0632673701	-0.0157980686	-0.19728575829999997	0.0372516173	-0.05339303980000001	-0.13082744300000002	0.0265612235	-0.11586322539999999	-0.0339308448	0.0968089343	0.11945515820000001	0.1192521267	0.11891399650000001	0.0	1.40269e-05	0.0874452	7.31729e-05	-0.0010175	0.000121725	0.0
625.1653952238206	491.2649740853815	491.35517252086316	1.39094472	37.74001694	1.08304262	0.2417945552	0.1354861222	0.0673938539	-0.026187864900000003	0.0734899991	0.12374105390000001	0.1934179149	0.1479920364	-0.011991676699999999	-0.0174862854	-0.008512757900000001	-0.1374118732	0.1088672026	0.1193348294	0.11877132630000001	0.1178341246	0.0	0.015466	-0.0288081	0.0381756	0.000129652	0.000353447	6.08631e-05
623.3985837990907	490.8280300076582	490.6898139580906	1.42310929	38.61272812	1.07128406	0.07927609	-0.045580463700000004	0.11463798300000001	0.0636194372	-0.0955711891	-0.11501730980000001	0.0928049301	-0.012098171599999999	0.1357774992	-0.10898016890000001	-0.1031762951	-0.0767375402	0.09808876220000001	0.1191544118	0.1180513362	0.11622043480000001	0.0	0.00311799	-0.0482132	0.0351899	-0.000331923	-1.48605e-05	8.27181e-25
623.3814765092984	490.03931541345037	490.42181476511513	1.23719037	33.56825256	0.99418211	0.21559316940000003	-0.0676848807	-0.1460002437	0.0122709284	-0.0643709301	-0.0505341462	0.0349127548	-0.10144486609999999	-0.0952308755	0.0192647832	-0.11715186289999999	0.0558510047	0.0389122416	0.11891399650000001	0.11709360640000001	0.1140802373	0.0	2.75956e-05	0.105605	0.038141	-0.00133246	-0.000128993	0.0
622.0871715070592	490.1297304246106	490.6970879742183	1.31861401	35.77749252	1.05553424	0.1275351559	0.13732714470000001	0.0019924883	-0.0825208079	0.07488882990000001	0.0852406741	-0.0042892942	0.1276932067	-0.0289500892	0.0362851098	0.0683656209	0.0971657153	0.1575941163	0.11861370439999999	0.1159000657	0.1114232278	0.0	3.33515e-05	0.018092	0.0313981	-0.00100853	-0.000470533	0.0
621.8543760353002	490.21869291132276	491.4337324485495	1.27721417	34.65420532	0.98478794	0.0390365915	-0.0127826074	0.12329148919999999	0.0967606933	-0.0582568805	-0.0565160238	-0.0639866892	0.0185093738	0.1167102967	-0.1252842378	0.0177813222	0.0208431915	0.046669228099999994	0.1182536866	0.1144731177	0.1082614433	0.0	-0.00451394	0.0322316	0.0256915	-0.000930916	-0.0003974	0.000142115
623.0431457710129	490.58396881469537	491.9867548192779	1.17767847	31.95353889	0.95928919	0.10189448000000001	-0.10336221570000001	-0.069947644	0.0505219079	-0.0538845887	0.0848874884	-0.0386727493	-0.1081141934	0.0008808876	-0.014402050500000001	-0.1004909607	0.045717922300000005	-0.0510327543	0.1178341246	0.112815636	0.1046092073	0.0	0.00368734	0.0920837	0.0370695	-0.00126212	-0.000334789	0.000197562
623.1583011394465	490.5161946420556	491.9615524908992	1.21363235	32.92906189	0.96096051	0.0580567	0.0349715537	-0.1567945952	-0.0103275293	0.017798776000000002	-0.09237214560000001	-0.0467563062	-0.0098821366	-0.1243037493	0.10138615029999999	-0.0397549337	0.0186960594	0.002653076	0.11735522960000001	0.1109309587	0.1004830656	0.0	0.00775249	0.0669248	0.0257419	-0.00133303	-0.000334789	0.000476753
622.8702697911355	490.51027946802793	492.0757481299694	1.15324593	31.2906189	0.94226575	0.12789199299999998	0.1150573075	0.0395487471	-0.10936600099999999	0.055974858899999994	0.1161068192	-0.0114221205	0.1188727016	-0.0137450067	0.053036025	0.0732571321	-0.0086106257	0.0016431530999999999	0.11681724269999999	0.10882288119999999	0.09590171039999999	0.0	0.000105037	0.00208295	0.008481159999999998	-0.000930916	-0.000641009	0.000531258
621.3186737890796	490.330098445993	492.24557578040015	1.19294524	32.36776733	0.95186061	0.062034927	0.0148849816	0.1344876568	0.079668448	-0.042349698	-0.0331723445	-0.11151330849999999	0.05026998480000001	0.11800636099999999	-0.1005449989	-0.005652470600000001	0.0697465667	-0.051878019299999995	0.11622043480000001	0.1064956489	0.09088589650000001	0.0	-0.0057096	0.0179097	0.0256695	-0.000768253	-0.000394073	0.000476753
624.5761832221885	490.7402975310105	493.1495082996885	1.33027589	36.09391022	1.01139235	0.130641728	-0.11899835289999999	-0.0886797418	-0.0953457298	-0.0448986045	0.2205727801	-0.056820833700000004	-0.1307014739	0.0317382925	0.1016556843	-0.0207776899	-0.0057915699	-0.1431725075	0.1155651064	0.10395394849999999	0.0854583468	0.0	0.000110828	0.0967074	0.0399348	-0.00126191	-0.000450522	0.000561813
623.6246946743253	490.9643880580558	492.20966331713163	1.37866509	37.40683746	1.10520375	0.10718724299999999	0.1017256299	0.0091684096	-0.0544431093	0.1581401047	0.020595372	0.0837076371	0.08137433179999999	-0.0862328626	0.0124910209	0.0927631383	-0.104541035	-0.0044896020000000005	0.1148515874	0.10120289869999999	0.0796436494	0.0	0.000149471	0.0273062	0.0446284	-0.00102567	-0.000599403	0.000837768
622.6541638218855	490.7725312118417	491.2626747174129	1.35128474	36.66393661	0.99805868	0.07758461	0.0019488282999999998	0.1777111529	0.0433335609	-0.0431151692	-0.1139822152	0.0510240958	0.0368820448	0.1420465589	-0.05208618860000001	0.0019949894	-0.12355851949999999	0.045127155999999995	0.1140802373	0.0982480398	0.0734681463	0.0	0.000181631	-0.0131058	0.0445915	-0.000649841	-0.0008019029999999998	0.00100151
622.8501720239498	490.1933200906498	491.2397375217634	1.34424543	36.47294235	1.02157187	0.2431756731	-0.1200973068	-0.0898348277	0.0422039312	-0.054800082400000005	0.0884877755	-0.0009510507000000001	-0.132467012	-0.0261803427	-0.013748448	-0.08679863310000001	0.1326151792	-0.033722834	0.1132514443	0.09509532230000001	0.0669598143	0.0	8.025789999999998e-05	0.135904	0.0582006	-0.00135055	-0.000334789	0.000560225
622.67174387097	490.4144128544723	492.068905846776	1.4110688	38.28603745	1.09913814	0.08018051109999998	0.09028514800000001	-0.0254754981	0.0085781868	0.18900583920000003	0.1010813927	-0.0728840125	0.0670906085	-0.12091430019999999	-0.016948753799999997	0.16314449	0.0257098263	0.0296592208	0.11236562580000001	0.0917510955	0.0601481375	0.0	0.000106669	0.0795329	0.0609196	-0.00143411	-0.000243775	0.000806931
623.0726767352686	491.31507690739784	492.79119959665536	1.31546652	35.6920929	1.0467627	0.166544083	0.0129770095	0.0673360684	0.1079069308	-0.062272120599999994	0.1148395686	-0.0506125144	0.0385489973	0.0668586159	-0.08471869859999999	-0.0679776732	-0.0455169416	-0.1035349684	0.1114232278	0.0882220943	0.0530639746	0.0	0.000121002	-0.0321327	0.0608424	-0.000497883	-0.000334789	0.000875429
623.7695569174488	491.3521811808467	491.8275883023745	1.09775698	29.78505707	1.00879633	0.188440778	-0.09169828220000001	-0.0173231825	0.0600007498	-0.060937224299999995	0.07476716	0.0973895339	-0.1034931969	-0.0055076373	-0.0516547424	-0.09959204449999999	-0.0951572515	-0.025739299900000002	0.11042472490000001	0.0845154255	0.0457394187	0.0	0.000120174	0.119377	0.060893	-0.00111892	-0.000270487	0.000927683
622.0407421466532	490.94125892408164	491.6659699266259	1.23601818	33.53644943	1.01748478	0.060044975999999986	0.0522201554	-0.1717797701	0.0155631085	-0.008832315600000001	-0.1389206338	-0.026863432000000003	0.0147546506	-0.150167676	0.0782953889	-0.07601727900000001	-0.0227946239	-0.022070452200000003	0.1093706198	0.0806385538	0.0382076517	0.0	0.010216200000000002	0.0857576	0.0571776	-0.0013069	-0.00033479	0.000927683
623.1750126307603	490.46623398200586	492.19598721608736	1.18774593	32.22669601	0.96872157	0.150382599	0.1068403708	0.0420650163	-0.1151423689	-0.0751715089	0.0265019558	-0.007907638	0.1222866178	0.0310688113	0.1007436004	0.0250001092	0.023372419	-0.0627484656	0.1082614433	0.07659928690000001	0.0305027946	0.0	0.000152891	-0.007404339999999999	0.0536243	-0.0007780969999999998	-0.000470691	0.00113506
620.7445461072384	490.0842694998718	491.6929799331565	1.21485531	32.96224594	0.96214467	0.095816579	-0.04491200309999999	0.1532591909	-0.033348308300000004	0.046802083499999994	-0.1405726356	-0.1361682873	0.0025082503	0.11793739730000001	0.0017020773	0.1616215671	0.0338233507	-0.0404920502	0.10709775390000001	0.0724057592	0.0226597522	0.0	0.00737243	0.0486702	0.044876	-0.00107841	-0.00033479	0.00109579
624.3524031602175	490.49856655811897	492.87099709362684	1.30420101	35.38642883	0.97214562	0.074392106	-0.11276284369999999	-0.0726603176	0.076880486	-0.090103023	0.1302658937	-0.0444538509	-0.1323945921	-0.008779453100000001	-0.0316441305	-0.0881983531	0.10053147119999999	-0.1392200063	0.1058801375	0.0680664159	0.0147140554	0.0	0.000685174	0.07603039999999998	0.0648683	-0.00131735	-0.00033479	0.000927683
622.4080761178898	490.7927676588295	491.76263626453726	1.24737227	33.84451675	1.01026249	0.063820361	0.0320046344	-0.1487718337	-0.0361411227	0.013450683500000001	-0.13816988630000002	-0.0117651874	-0.006202931	-0.1395484735	0.12489885449999999	0.0203081472	0.012618751499999999	-0.1479433188	0.1046092073	0.0635899959	0.0067017003	0.0	0.0128804	0.07948969999999998	0.0562334	-0.00142067	-7.11983e-05	0.00135139
622.4552860808508	490.82696688338194	491.4369816783909	1.14971507	31.1948185	0.96946508	0.110255085	0.11655026689999999	0.0275609148	-0.1277810598	-0.0306645155	0.044991575	-0.0182619108	0.1265875665	0.029439889900000002	0.09011338029999999	0.0397718695	0.0179429786	-0.08135993030000001	0.1032856033	0.058985514100000004	-0.0013410152	0.0	0.0137568	0.0182784	0.0636314	-0.000992894	-0.00033479	0.00122737
620.842363303435	490.1166762474453	491.15846705362384	1.22687793	33.28844833	0.97619539	0.086533195	-0.048740855599999994	0.1295335085	-0.0780447453	0.0454167634	-0.1632450237	-0.032238458500000004	-0.007012138	0.0979328589	0.0156601505	0.1537238412	-0.0109758065	0.036309516800000004	0.1019099918	0.0542622434	-0.0093776556	0.0	0.00189791	0.0512806	0.0691435	-0.00126418	2.81841e-05	0.00113843
622.9347959375298	490.2780609850305	492.1117646193904	1.33364582	36.1853447	1.03468347	0.16387227499999998	-0.13532531609999998	-0.0879009516	0.0671126353	-0.0177431223	0.0354200254	-0.0286737976	-0.1659772039	-0.050280995700000004	-0.0275006444	-0.0290560796	0.1441872012	-0.0751876617	0.1004830656	0.049429695700000005	-0.0173718128	0.0	0.00849774	0.165553	0.0650369	-0.0013575	0.000174049	0.000599746
621.4836667825948	490.8462700061496	492.5445218567645	1.50608063	40.86396027	1.20537043	0.28277476	0.12487199289999999	-0.0167875088	-0.0909009156	0.0568409352	0.010974935900000002	-0.1056234598	0.1381466503	-0.021356547200000003	0.055432783099999994	0.070782629	0.0142757527	0.0028102870000000003	0.09900554310000001	0.044497603200000006	-0.025287271400000002	0.0	0.0173014	-0.0348757	0.0564137	-0.000496419	0.000414622	0.0007964759999999998
623.9809242993591	491.0162030046338	491.73130583559777	1.39919627	37.96390152	1.06232643	0.0892449	-0.07265489809999999	0.12230230519999999	-0.0229113272	0.0156345432	-0.07922684099999999	0.1348601892	-0.029941089100000002	0.09584471369999999	-0.0230695319	0.095042655	-0.1412530821	0.0617755135	0.0974781683	0.0394758984	-0.0330881723	0.0	0.017313	0.0317584	0.051259	-0.00054186	0.000354577	0.00103988
621.7073149117405	490.6450860986946	490.7542735403769	1.14300668	31.01280212	0.96774	0.16714352	-0.07138683309999999	0.017534014	0.0777408711	0.05968741599999999	-0.0322542671	0.0927129608	-0.0759972074	-0.044947937599999994	-0.1068523111	0.0323251836	-0.0242414298	0.069972268	0.09590171039999999	0.0343746944	-0.040739175600000004	0.0	0.00759248	0.130064	0.073948	-0.00106315	0.000259495	0.000927684
621.1377609012077	490.3133727814999	490.7981615043907	1.25538576	34.06194305	0.99319458	0.07575154	0.1073162053	-0.0442799278	0.1189110682	0.0143527803	0.0494457756	-0.0198227925	0.0769009991	-0.10081155630000001	-0.0939862091	-0.024795921800000002	0.1206144782	0.064986537	0.094276963	0.0292042644	-0.04820562019999999	0.0	0.00575814	0.0865166	0.07158340000000002	-0.00118817	0.000104577	0.00120785
621.9327771172464	489.89785807509895	491.9975346305204	1.18493366	32.15039062	0.97443098	0.09916971	0.0551824955	0.006528153399999999	-0.0680738517	-0.13721846869999998	-0.0100306462	-0.1271576635	0.07521541030000001	0.093910294	0.0913757967	0.0012899821	0.1855921022	-0.0708252481	0.0926047444	0.0239750208	-0.0554536812	0.0	0.0077687	0.0284751	0.0500441	-0.000893053	0.000104577	0.0012643
621.8625228873152	490.47201935597695	492.66096634903886	1.24491417	33.77782059	1.02389717	0.13216885000000003	-0.1328019161	0.060797850199999996	-0.0289169825	0.1012294326	-0.0360406968	-0.12961049759999999	-0.1094577511	0.045675903899999995	0.0034717018	0.1474190285	-0.0244764429	-0.0969036607	0.09088589650000001	0.0186974948	-0.0624505233	0.0	0.012429	0.106027	0.0540167	-0.00131765	0.000316698	0.000981337
623.0975680618043	491.60053813760163	492.62931049245367	1.38486612	37.5750885	1.06233656	0.0437787	0.0531050283	-0.035790889900000004	0.1276329059	0.080226755	-0.007395256899999999	0.0471395996	0.038824090299999996	-0.11911122210000001	-0.1197948166	-0.0084022723	-0.0727069202	-0.104767304	0.0891212848	0.013382314499999999	-0.0691644489	0.0	0.0173686	0.0850396	0.0540278	-0.0012987500000000004	0.000354577	0.0012813700000000004
622.8817149638043	491.4272179757248	491.9637796923354	1.17987347	32.01309586	0.96478683	0.11696405	0.0730615173	0.083706465	0.0663383939	-0.1523751063	0.0424059485	0.0726723204	0.09958493130000001	0.0714389434	-0.0628010001	-0.108145709	-0.09901678369999999	-0.0180556966	0.0873117978	0.008040184	-0.0755650422	0.0	0.0173666	0.0117546	0.0485354	-0.0008242669999999998	0.000104577	0.00132058
622.5465616077489	490.74422861845136	491.6679254228358	1.23975492	33.63783646	0.99410647	0.1100698	-0.10535864550000001	-0.0247881171	-0.0068892772	-0.1109053596	0.0440101107	0.06628376650000001	-0.0885850881	0.06408354990000001	0.0024635352	-0.1157262517	0.0113288533	0.0426996225	0.0854583468	0.0026818615999999996	-0.081623307	0.0	0.0173524	0.0843497	0.0663654	-0.00107968	0.000169244	0.00124805
621.9299515558857	490.1299962056797	491.25545654005026	1.2352829	33.51649857	0.95877135	0.07158094000000001	-0.0200613572	-0.1751303468	-0.0149714247	0.0211228104	-0.1444070613	-0.0282655855	-0.061746761100000006	-0.11559475429999999	0.070012468	-0.0055300911	0.10614788800000001	0.022552133199999998	0.08356186480000001	-0.0026818615999999996	-0.0873117978	0.0	0.00911811	0.09975510000000003	0.0650291	-0.00153267	0.000327986	0.000927683
622.3524994148693	489.9474169730677	491.5820310819957	1.20757592	32.76473618	1.03328431	0.14811814	0.1430720496	0.013138768200000001	-0.13381676369999998	-0.0312358246	0.08988882710000001	-0.0004565421	0.1416710137	0.029327633	0.0699599318	0.0603194275	0.0754501977	0.0830582245	0.081623307	-0.008040184	-0.0926047444	0.0	0.0107324	0.019271	0.0392112	-0.0008242669999999998	0.00042362	0.000927683
621.4123021180447	490.28981098066964	491.39955001010986	1.29334271	35.09181595	1.01074278	0.03925564	-0.0635111417	0.1404286337	-0.0555245597	0.0450400512	-0.1337443219	-0.010473796899999999	-0.0303725187	0.12320277310000001	-0.005984508100000001	0.1296880246	0.0099576223	0.106681441	0.0796436494	-0.013382314499999999	-0.0974781683	0.0	0.00970001	0.0318018	0.0467597	-0.0008242669999999998	0.000219788	0.00108673
622.316899540611	490.51010022032966	491.31030225048346	1.21961546	33.09140015	0.96639293	0.14373342700000002	-0.0774838763	0.0048123206	0.0952858786	0.0645272397	0.0210915923	0.0174509823	-0.09674217660000001	-0.0401172073	-0.10801946890000001	0.0321706862	0.0283015042	0.0222067269	0.0776238888	-0.0186974948	-0.1019099918	0.0	0.000221233	0.125097	0.0644379	-0.00115823	0.00018135	0.000993506
621.3339120305012	491.0901025037748	491.3923629266278	1.32037091	35.82516098	0.99928558	0.09312581700000003	0.08515912369999999	-0.1114031265	0.0739741233	-0.0224335094	-0.002801255	-0.0615906064	0.056663949500000005	-0.1324578775	0.010887484499999999	-0.087519985	0.0568727614	0.015686415500000002	0.0755650422	-0.0239750208	-0.1058801375	0.0	0.0141386	0.0774817	0.0554941	-0.0013404	0.000104577	0.00118755
622.8974369589221	491.2889129244722	492.57654839807645	1.16310954	31.55824471	0.97433853	0.07580979999999998	0.0896322232	0.030207778900000003	-0.1274021561	-0.0380043348	0.0463190749	-0.075449809	0.1040909937	0.0574819656	0.1398410879	0.043442138899999996	0.0010334307000000001	-0.1330716251	0.0734681463	-0.0292042644	-0.1093706198	0.0	0.014474	0.0422126	0.0372653	-0.00114577	0.000104577	0.00143245
622.7662077745014	490.59600931522425	492.4770357484964	1.20811796	32.77944183	0.98186016	0.012305499999999997	-0.07735170870000001	0.14716405189999998	-0.0341572359	0.0431242054	-0.0033088287	-0.0755351634	-0.032610137000000004	0.1075228165	-0.0216167369	0.1107147937	-0.0620594605	-0.0600206823	0.0713342571	-0.0343746944	-0.11236562580000001	0.0	0.015963	0.050623	0.0372689	-0.00119382	0.000104577	0.00143245
624.6401156708661	490.56642108317504	492.76923184655294	1.23964238	33.6347847	0.94810307	0.08702319999999998	-0.1139508685	-0.0308534058	0.0958927342	0.019730768	0.1584080261	0.0632683255	-0.1307269581	-0.0173161095	-0.1043259802	-0.04913536860000001	-0.028707885899999997	-0.0693233359	0.0691644489	-0.0394758984	-0.1148515874	0.0	0.0147745	0.103535	0.0373566	-0.00160052	0.000354577	0.00143245
622.8332626333972	490.95321907219534	492.1818564279925	1.26431108	34.30411148	0.93857032	0.0295486	0.0109215747	-0.1560557056	-0.015133469299999999	0.007246766500000001	-0.11291241980000001	-0.0177562427	-0.0374975432	-0.1161158973	0.08712696550000001	-0.009960459	-0.0421776737	-0.0160928072	0.0669598143	-0.044497603200000006	-0.11681724269999999	0.0	0.0151425	0.0965154	0.0373066	-0.0014083	0.000104577	0.00143245
624.2349169785215	491.1368614290843	492.41891671453055	1.31859279	35.7769165	0.99691719	0.15204867	0.10808522460000002	0.0647920379	-0.0685947403	0.05689773150000001	0.153884621	0.0686497811	0.11610293029999999	0.0066073911	0.0217664358	0.0658566394	-0.0948578593	-0.030591127200000002	0.0647214634	-0.049429695700000005	-0.1182536866	0.0	0.0171229	-0.00716962	0.0371991	-0.000668255	0.000104577	0.00161792
622.7844364933168	490.72569193411607	491.26434157769785	1.295524	35.15100098	0.99054778	0.05546122000000001	-0.0538622201	0.1513452787	0.007921163	0.0260088951	-0.0769305703	-0.0113352733	-0.019576390200000002	0.118629921	-0.030162958900000002	0.069014144	-0.024857930499999997	0.0307334317	0.0624505233	-0.0542622434	-0.1191544118	0.0	0.0127801	0.0273588	0.0372158	-0.000849541	0.000104577	0.0017681
623.0267201341567	489.90569552616273	491.14733560469847	1.32171142	35.86153412	0.96337295	0.19007155	-0.0947078336	0.0045791943	0.1284243224	0.0420585828	0.0882880383	-0.0185995844	-0.11951573550000001	-0.043335806100000006	-0.1057771957	0.0091862923	0.110238517	0.0631121634	0.0601481375	-0.058985514100000004	-0.1195153378	0.0	0.0117085	0.1401	0.0651896	-0.00147959	0.000104577	0.00143245
621.8075178932088	490.24004811118317	491.48226658820647	1.31176531	35.59167099	1.05981696	0.08233105	0.12344944599999999	-0.10916845230000001	0.0201953349	0.0292358946	0.0306923813	-0.1145101689	0.09255611779999999	-0.1361762001	0.0201459995	-0.014260906	0.1206546874	0.0891756184	0.0578154653	-0.0635899959	-0.1193348294	0.0	0.0109654	0.0916162	0.0452161	-0.00129035	0.00017795	0.00143245
621.5689393659027	491.31650470802606	492.6144142412202	1.30556619	35.42346954	1.04977202	0.14917658	0.0169283673	0.1266533442	0.0691069274	-0.0022252386	0.112615047	-0.1240005239	0.055226726	0.094663143	-0.08008258089999999	-0.0453617163	-0.0058081511	-0.2240349643	0.0554536812	-0.0680664159	-0.11861370439999999	0.0	0.0144443	0.00527472	0.00801365	-0.000920648	0.000104577	0.00143245
625.5909995266101	492.56976752542	493.7855572106265	1.27747309	34.66123199	1.04692376	0.11390833	-0.1118138988	-0.086483793	0.0063064849	-0.0707489576	0.21964406469999997	0.0806381592	-0.10918982599999999	-0.011101291299999998	0.0523186997	-0.1887621943	-0.2244668985	-0.1300298815	0.0530639746	-0.0724057592	-0.11735522960000001	0.0	0.0135332	0.096725	0.0187899	-0.000945685	0.000188414	0.00153899
624.137682485642	492.22945649968466	492.0210901224338	1.20078516	32.58048248	1.03054261	0.0595673	0.0404595831	-0.1294195606	0.0093448799	-0.0502369463	-0.09719487119999999	0.12737723310000001	0.0059098754	-0.12369537470000001	0.0688896863	-0.20291964489999997	-0.1803060238	0.0097551613	0.0506475487	-0.07659928690000001	-0.1155651064	0.0	0.0197029	0.104452	0.0279384	-0.00136522	0.000104577	0.00176606
623.9479191040152	491.35186595213656	492.0568158595847	1.10021317	29.85169792	0.98438114	0.11837565000000003	0.1200822857	-0.0303188454	-0.09737483470000001	-0.1001587618	0.0041188219	0.056198290199999994	0.116440585	0.0005294253	0.13993859050000002	-0.0533790387	-0.0339805053	-0.0050578776	0.04820562019999999	-0.0806385538	-0.1132514443	0.0	0.0197017	0.0137161	0.0278722	-0.000898363	0.000104577	0.00185065
622.485960462933	490.23794040549535	491.7422969550392	1.12603176	30.55222702	0.92053729	0.0705839	-0.0008563091999999999	0.0786551411	-0.1800117356	0.0099054285	-0.0794963607	0.0355903598	0.0292479006	0.09054227890000001	0.14751213119999998	0.0599684688	-0.001201376	0.1214413677	0.0457394187	-0.0845154255	-0.11042472490000001	0.0	0.0197514	0.0631526	0.0349604	-0.000943243	0.000104577	0.00208596
621.7456963697507	490.0008142441506	491.27961193236143	1.12633061	30.56033325	0.93511856	0.06588398	-0.11842960599999999	0.0716798079	-0.0178850713	0.08017446219999999	-0.12432296820000001	-0.004359256	-0.098058395	0.0756938912	-0.029691805	0.1365217678	-0.0122346437	0.0684861541	0.043250185999999996	-0.0882220943	-0.10709775390000001	0.0	0.0237641	0.081363	0.0511268	-0.00123595	-1.45156e-05	0.00222405
621.7326130311568	490.17899263673513	491.9087143711489	1.25862086	34.14971924	0.96746927	0.07887882999999998	0.0044718208	-0.0353190249	0.1411004788	0.11786760130000001	-0.0278069745	-0.0095837512	-0.021127004300000002	-0.10048360279999999	-0.1522384312	0.0723988532	0.1008360537	0.0403196368	0.040739175600000004	-0.0917510955	-0.1032856033	0.0	0.0161839	0.114865	0.0614793	-0.00142752	0.000104577	0.00198583
621.9792064776523	490.5130608978222	492.371482419392	1.14191842	30.98327446	0.9691329	0.1131836	0.1076165631	-0.0211377754	0.0385408398	-0.0971564176	0.042348156500000005	-0.0257488544	0.1095480036	0.0039852106	-0.0024200165	-0.0945798709	0.1599657658	-0.0527300041	0.0382076517	-0.09509532230000001	-0.09900554310000001	0.0	0.0150153	0.0431572	0.0420171	-0.00101062	0.000104577	0.00198583
622.688378401469	490.80440021632234	492.9313612365103	1.25923073	34.1662674	1.01107526	0.05942335	-0.050232883	0.036993526	-0.1804773447	-0.0281185253	0.010554498600000002	-0.040108933900000004	-0.020109714	0.0981381907	0.1285818685	0.0655235735	-0.040457528900000005	-0.0337584342	0.0356568892	-0.0982480398	-0.094276963	0.0	0.0197363	0.0158477	0.0361636	-0.000579833	0.000104577	0.00198583
623.2892994414217	491.1882684326271	492.3012328622248	1.18897998	32.26017761	0.97136253	0.17619424999999997	-0.10544159289999999	0.011620174099999998	-0.015858281000000002	0.11778170310000001	-0.0379432674	0.1729407091	-0.1220424017	-0.0348182258	-0.0132549969	0.1010963825	-0.20054713300000002	-0.0527523781	0.0330881723	-0.10120289869999999	-0.0891212848	0.0	0.0257426	0.115379	0.0611767	-0.00135729	0.000239991	0.00198583
621.45136522899	491.1364040384064	491.06642116971466	1.37173688	37.21885681	1.06055117	0.0937255	0.1061407382	-0.0008026912	0.1212446875	0.033356936499999996	-0.029168217599999997	0.1168204097	0.0841976386	-0.0841663466	-0.1282615554	-0.050191739699999995	-0.1058532367	0.0786219494	0.0305027946	-0.10395394849999999	-0.08356186480000001	0.0	0.0197169	0.0696238	0.0511061	-0.000994124	0.000104577	0.00184693
622.5321039688822	490.69589354959254	490.621412777871	1.21467721	32.95741272	0.98156834	0.075407305	0.05423368519999999	0.0380106756	0.0121255631	-0.170822645	-0.10214667390000001	0.1177500699	0.0691945379	0.0674027126	-0.005980506899999999	-0.144218084	0.0693806221	0.07881102059999999	0.027902057799999998	-0.1064956489	-0.0776238888	0.0	0.0197413	0.0404723	0.0418922	-0.000474728	2.25229e-05	0.00198583
620.9149703354315	490.2028696662747	490.79459221914186	1.34073234	36.3776207	1.0441401	0.14892960500000002	-0.1240274661	0.0191711902	-0.1192071566	0.0287508082	-0.09532225230000001	-0.08785917730000001	-0.1080061178	0.0826567101	0.0324568599	0.0556952192	0.0444906895	0.1418784123	0.025287271400000002	-0.10882288119999999	-0.0713342571	0.0	0.024841	0.11552200000000003	0.0347808	-0.00126605	0.000104577	0.00234583
621.3921603732513	490.3351730101274	492.9885202670436	1.38849914	37.67366028	1.07022476	0.025199100000000026	0.0125994127	-0.11458266460000001	0.1221123069	0.0109885996	-0.0378924821	-0.1483439903	-0.0306872168	-0.1358262179	-0.052700791100000005	0.0189971351	0.1632167621	-0.0309677858	0.0226597522	-0.1109309587	-0.0647214634	0.0	0.026997	0.11517	0.0348299	-0.00160282	0.000104577	0.00222976
624.8367835370618	491.70192434405897	494.15949067351835	1.2613219	34.2230072	1.05985761	0.21424085000000004	0.0735210994	-0.0134934599	-0.08023062780000001	-0.09431999390000001	0.0009771347	0.0017839354	0.0910684027	0.0292883599	0.1215819016	-0.037654935099999995	-0.0704007771	-0.1848123741	0.020020823	-0.112815636	-0.0578154653	0.0	0.0278379	-0.0218092	0.0285588	-0.000506842	-0.000199898	0.00222722
624.2930883604557	491.4719186429865	492.46727112825914	1.20302773	32.64133072	1.02623045	0.134540575	-0.06499056639999999	-0.019221481000000002	-0.1618352171	-0.0652305217	-0.0181988969	0.1421253332	-0.0559840398	0.061160197199999995	0.18578617	-0.0416715042	-0.1017614003	0.0255948511	0.0173718128	-0.1144731177	-0.0506475487	0.0	0.0292981	0.0641339	0.0347835	-0.0009925550000000002	2.19205e-05	0.00233794
622.5143260205571	490.8685214445001	491.0830283987437	1.09595227	29.73608971	0.95992494	0.094106175	-0.0232533648	-0.1284917009	-0.11067117060000001	0.0361707219	-0.138060173	0.0737340396	-0.0651043541	-0.10897532210000001	0.14654229259999998	0.054823824699999996	-0.0677505741	-0.013732825	0.0147140554	-0.1159000657	-0.043250185999999996	0.0	0.0281421	0.121024	0.0414145	-0.00148435	0.000104577	0.00235207
622.2407633055142	489.74982420052396	491.15409079245	1.14576626	31.08767509	0.99462581	0.08495397999999998	0.1337739235	0.0017409232999999998	-0.0990866482	0.1139619073	0.087065023	0.004415616	0.115081175	-0.0556131534	0.0628993546	0.1164766517	0.0695529192	0.0843133172	0.012048888999999998	-0.11709360640000001	-0.0356568892	0.0	0.029543	0.0638667	0.0348048	-0.00133372	-5.81046e-05	0.00226966
620.3654371312689	489.4599868541115	491.76562388245435	1.25111973	33.9461937	1.00033283	0.110376815	-0.0172697938	0.1669530364	0.06302699980000001	-0.0121928049	0.008513570600000001	-0.1189678873	0.0284963396	0.17972300870000002	-0.1280967177	0.09953976460000001	0.1362833323	-0.0545963562	0.0093776556	-0.1180513362	-0.027902057799999998	0.0	0.0267738	-0.00954403	0.0347533	-0.000745925	-6.68273e-05	0.00218327
622.3548961945447	489.69063537451416	492.20707389632486	1.22152019	33.14308167	0.98326069	0.16174769499999997	-0.11828385179999999	-0.0210480795	0.09841135210000002	0.019800891299999998	0.1720757761	-0.0141210499	-0.12428707359999999	0.030015166800000003	-0.11187310550000001	-0.029878312599999998	0.1115164584	0.0346690428	0.0067017003	-0.11877132630000001	-0.020020823	0.0	0.0245881	0.10546	0.0494138	-0.00101392	0.000104577	0.00234182
620.3245599439638	490.71728583518393	490.8079717072876	1.30561328	35.42474747	1.06716228	0.03520985	0.1136600862	-0.0459953952	0.1297439215	0.0205084246	-0.0296981023	-0.0433104803	0.09522523210000002	-0.1101902289	-0.1159418018	-0.0727108693	0.0377239583	0.0810429894	0.0040223704	-0.1192521267	-0.012048888999999998	0.0	0.0258098	0.104619	0.0347687	-0.0009063090000000002	0.000104577	0.00207939
620.9203026204892	490.9181854187046	491.11907060979655	1.18672597	32.19902039	1.02502215	0.1188837	0.026659873100000002	0.0633806443	-0.0702275854	-0.1575379236	-0.1079731042	-0.1443517157	0.0650209682	0.0960564161	0.1023056668	-0.08053124219999999	0.0641499525	-0.0727893922	0.0013410152	-0.1194927693	-0.0040223704	0.0	0.0191093	0.0239594	0.0347665	-0.000673411	0.000104577	0.00168186
622.665565016945	490.5476495225443	493.57756254589	1.39012074	37.717659	1.09564817	0.13683385	-0.1391322236	0.0225001368	0.0644670197	0.09203884539999999	0.0712028379	-0.1615342624	-0.1394915989	0.020725929299999998	-0.1042947	0.0224561634	-0.034840517	-0.115439381	-0.0013410152	-0.1194927693	0.0040223704	0.0	0.025167	0.121329	0.0306679	-0.00124909	0.000104577	0.00169234
623.1020647722958	491.44087788648994	493.4661612868123	1.4227947	38.60419083	1.10029018	0.09630923000000002	0.04710168519999999	-0.056174342300000006	0.11395981349999999	0.0813664184	0.0167498417	0.0774742462	0.02045951	-0.1128580718	-0.10858032710000001	-0.0362070625	-0.1809963054	-0.0642493656	-0.0040223704	-0.1192521267	0.012048888999999998	0.0	0.0387549	0.0835966	0.0187797	-0.00108695	-2.39276e-05	0.00206371
623.7958665218654	490.8882819579453	492.3778848298985	1.19887209	32.5285759	1.01598573	0.14736042	0.034466475499999996	0.1090153092	0.0645355188	-0.1101366891	0.0199929981	0.1420798006	0.053733433399999996	0.1193743396	-0.0849342095	-0.1098499856	-0.085202891	0.09935785720000001	-0.0067017003	-0.11877132630000001	0.020020823	0.0	0.0301289	-0.0157007	0.0219206	-0.000549822	-0.000208884	0.00205987
622.6136934274601	490.4983440437353	491.34452538772973	1.20395362	32.66645432	1.00333643	0.224044	-0.1191304225	0.021950704300000002	0.0416885221	0.0284617153	0.0480802871	0.10189773220000001	-0.11699925550000001	0.0235796686	-0.0878468399	-0.0402324684	-0.0360956825	0.1355894677	-0.0093776556	-0.1180513362	0.027902057799999998	0.0	0.0289569	0.131407	0.0496707	-0.00114918	2.7452e-05	0.00218446
620.7721750399173	490.29633806925233	491.08040381416214	1.22092426	33.12691116	1.00396049	0.07713194999999999	0.0830767595	-0.047335036100000005	0.1395303681	0.0781400725	-0.0044289593	-0.0419872564	0.0621078341	-0.09051076050000001	-0.1221435493	0.01129156	0.1209714867	0.1484667665	-0.012048888999999998	-0.11709360640000001	0.0356568892	0.0	0.0287929	0.0749162	0.0557924	-0.000952046	0.000104577	0.00219731
621.8931972693975	489.6403038571588	491.5396120192783	1.08730233	29.50139427	0.93795931	0.0991062	0.010895682	0.0429637316	0.0736271929	-0.1095934368	-0.0206645586	-0.06503028870000001	0.0296600005	0.0992808208	-0.0824654523	-0.0501226463	0.16640199890000001	0.0523039671	-0.0147140554	-0.1159000657	0.043250185999999996	0.0	0.0272207	0.012264700000000003	0.0430998	-0.000718108	0.000104577	0.00240717
621.8067043074475	490.1928688809273	491.95046190357084	1.15014064	31.20636368	0.97656274	0.21985835	-0.11682768140000001	-0.11698459779999999	-0.0104818721	-0.0454453821	0.060312715999999995	-0.0851637886	-0.1245782936	-0.015647226299999997	0.0746112177	-0.0528501862	0.1235279648	0.012020789399999999	-0.0173718128	-0.1144731177	0.0506475487	0.0	0.0253704	0.158606	0.0592873	-0.00147678	0.0002501	0.00261256
621.6013398691274	491.0277119430253	492.69730517300184	1.28857422	34.96243286	0.99474466	0.10159505	0.0379787125	-0.1033486158	-0.0813900423	0.1526771387	0.026401620499999997	-0.1115266156	0.012722125	-0.1259401118	0.0838340986	0.1393694228	0.0227179848	-0.0350857452	-0.020020823	-0.112815636	0.0578154653	0.0	0.0278521	0.101753	0.0429576	-0.00175702	0.000104577	0.00270541
622.0851485370591	491.16969466255995	493.20490604872384	1.28286076	34.80741119	0.95940596	0.08497754999999999	0.1144879889	0.0559493405	0.09098641130000001	0.083069807	0.1131506976	-0.0282417737	0.10609224	-0.044121759100000005	-0.12601944210000002	0.046251159699999995	-0.0844915197	-0.0827689038	-0.0226597522	-0.1109309587	0.0647214634	0.0	0.0363247	0.063721	0.0274046	-0.00159526	-0.000160732	0.00267408
625.2947993374781	491.29888280504485	493.6392998664732	1.25805616	34.13439941	1.0197773	0.16236574999999998	0.0224624165	-0.01212403	-0.0369399798	-0.1869151593	-0.0116130874	0.0779761229	0.0604651916	0.0827641011	0.0781869683	-0.20279888850000002	-0.0345672438	-0.0034959274	-0.025287271400000002	-0.10882288119999999	0.0713342571	0.0	0.0362977	0.00137066	0.00326724	-0.000453115	-0.000354198	0.00249267
622.9616112844459	490.5870963779752	491.945535394556	1.35341787	36.7218132	1.08544934	0.24200229	-0.1327313951	0.0156819069	-0.15926951109999998	0.0766924593	-0.0223958941	0.1210768006	-0.12316370689999999	0.0474937109	0.091570401	0.0456369793	-0.101438788	0.2417864095	-0.027902057799999998	-0.1064956489	0.0776238888	0.0	0.0362843	0.135721	-0.0229202	-0.00160659	5.34892e-05	0.00242481
621.6779488635177	490.896904390306	491.7797776246807	1.36653543	37.07772827	1.06957877	0.14061989000000003	0.0361474052	-0.1346714945	0.0896729693	-0.015335910900000001	-0.17373319710000001	0.0169844837	-0.0053592536	-0.143274504	-0.0073820506000000004	-0.06730620650000001	0.0265191598	0.11524052060000001	-0.0305027946	-0.10395394849999999	0.08356186480000001	0.0	0.0272357	0.0808374	0.0275775	-0.00135969	0.000262519	0.00249268
624.6450191742383	491.12424609973056	492.1240769848539	1.27385676	34.56311035	0.96070653	0.10942486	0.09426353550000001	0.059904324	-0.0438631667	0.067898942	0.0745614276	0.1186053496	0.0978660599	0.0029962932	-0.0193868423	0.06500488759999999	-0.0692681517	0.0848734966	-0.0330881723	-0.10120289869999999	0.0891212848	0.0	0.0315293	0.0202599	0.0294454	-0.000908954	5.38378e-05	0.00268698
622.8669604760787	491.05236777290713	492.0624992035884	1.19536591	32.43344498	0.9352957	0.04147416499999997	0.0233778809	0.0736373535	0.0628703557	-0.1028914837	-0.0353248006	0.0262290775	0.0498103286	0.0805208724	-0.0707963741	-0.0752228643	0.028870797599999998	0.0350486329	-0.0356568892	-0.0982480398	0.094276963	0.0	0.0306159	0.0408326	0.0206504	-0.00108746	2.63525e-05	0.00266911
625.3855801162792	491.0394866624849	492.5753098520229	1.30093181	35.29772949	0.98868233	0.07654432499999998	-0.0994401617	-0.0550862746	-0.1429337695	-0.025294046299999998	0.13754867	0.0950001292	-0.09697628039999999	0.0589865729	0.1383543517	-0.0086249424	-0.0364264275	0.069158869	-0.0382076517	-0.09509532230000001	0.09900554310000001	0.0	0.0363352	0.076448	0.0351457	-0.0011762	0.000129879	0.00289113
623.0291389026363	490.96059295162536	491.33920654222015	1.24043822	33.65637589	0.99027646	0.08169719999999998	-0.0095180729	-0.025739287000000003	-0.032478448300000004	0.1649983853	-0.08562134130000001	0.1618067575	-0.049076343700000004	-0.0810086138	-0.0047934088	0.1290520981	-0.0852694338	0.09368313800000001	-0.040739175600000004	-0.0917510955	0.1032856033	0.0	0.0363519	0.115583	0.0475527	-0.00152634	0.000262519	0.00301112
622.55281742259	490.8652949859391	490.6896080221312	1.30315101	35.35794067	0.99080515	0.0660726	0.1067319349	0.0764474071	0.0972735373	0.0023683115	0.1033210232	0.054684667699999995	0.10883745800000001	-0.0111273973	-0.1123877966	-0.023381787	0.0092826941	-0.0097821436	-0.043250185999999996	-0.0882220943	0.10709775390000001	0.0	0.036339	0.0620888	0.0449607	-0.00157319	0.000218859	0.00312008
621.8003275541835	490.539651366649	492.07573478076523	1.32100582	35.84238815	0.98450643	0.0848432	0.0139588148	0.029692546299999997	-0.101675827	-0.0866073992	-0.0075268581000000005	-0.1804125644	0.0395971105	0.0856659114	0.09937331419999999	-0.0059815421999999995	0.1220764176	-0.1345921054	-0.0457394187	-0.0845154255	0.11042472490000001	0.0	0.036347	0.0325319	0.0383344	-0.00125258	-0.000263211	0.00294972
623.6426375386824	490.9564269878897	493.30834483068685	1.26327074	34.27588272	0.98704159	0.101672035	-0.12637552400000002	0.0735687349	0.059995331900000004	0.0648141389	0.0120004325	-0.0312389708	-0.1232881733	0.0432345942	-0.10160081900000001	0.0501035057	-0.0658534866	-0.16517897380000002	-0.04820562019999999	-0.0806385538	0.1132514443	0.0	0.0363871	0.09821460000000003	0.0474477	-0.00134779	2.61077e-05	0.00310191
623.6153384380696	491.61177511396767	492.11604662212545	1.30869722	35.50842285	1.06051993	0.031443935	0.0666325395	-0.047461986500000004	0.10418849449999999	0.0295343623	-0.026904530899999998	0.0639321405	0.0361624079	-0.1118209973	-0.096067505	-0.0423273001	-0.12324911849999999	-0.001667285	-0.0506475487	-0.07659928690000001	0.1155651064	0.0	0.0404562	0.0917324	0.051311	-0.00134779	-0.000263319	0.00315307
622.6110657653396	490.77328528836404	491.73124104309755	1.13756084	30.86504173	0.97119606	0.08035035000000001	0.06358269400000001	0.0051622535	-0.0190636219	-0.173935955	-0.0526539528	-0.0345440712	0.0879742505	0.0613373321	0.071510325	-0.13499489380000002	0.05538576	-0.0116669398	-0.0530639746	-0.0724057592	0.11735522960000001	0.0	0.0412007	0.0403233	0.0390611	-0.00111908	-0.000196132	0.00313003
622.4522516258485	490.50506274192634	492.8775683227784	1.24004483	33.64570236	1.01041055	0.08327899999999999	-0.0957586849	0.0463781095	-0.1442100385	0.047609951500000004	0.0165673906	-0.1515824943	-0.0674888367	0.07158830349999999	0.0997084809	0.11322071689999999	0.0376212559	-0.0196547756	-0.0554536812	-0.0680664159	0.11861370439999999	0.0	0.0430751	0.0917118	0.0513162	-0.00134779	-0.000196132	0.00300352
623.0442122280242	490.4960694522599	493.8398349285209	1.28922725	34.98015213	0.99979568	0.0936671	-0.0775893383	-0.0124752154	0.0789425247	0.1104056184	-0.004352967199999999	0.0196970271	-0.0946159349	-0.0833191154	-0.06999195309999999	0.074005478	0.0010406789999999999	-0.1172294071	-0.0578154653	-0.0635899959	0.1193348294	0.0	0.0433954	0.144674	0.0435901	-0.00184739	-0.000108662	0.00293742
623.0076448463748	491.4370456943297	493.3637235326712	1.32661593	35.99460602	1.0624764	0.1545846	0.11582969189999999	-0.0753676166	0.039709987	-0.0878255592	-0.0648734757	-0.0148700758	0.10150933820000001	-0.0682317924	0.022227728	-0.13459072130000002	-0.0457836754	-0.0194360397	-0.0601481375	-0.058985514100000004	0.1195153378	0.0	0.0479461	0.0451684	0.0347956	-0.00134779	-0.000269678	0.00311148
624.3908725734459	491.17163548246043	492.79700161838656	1.16830075	31.69909477	0.96339148	0.06356089999999999	0.0417012599	0.0306259363	-0.1327603278	-0.0986894868	-0.034197781499999996	0.0571722403	0.0756027211	0.0719234566	0.1464711734	-0.0130235479	-0.0613486934	0.023491405899999998	-0.0624505233	-0.0542622434	0.1191544118	0.0	0.0528793	0.0619102	0.02313	-0.00116752	-0.000196132	0.00346207
622.837594427856	490.8139559729035	492.6963456579609	1.16414022	31.58621025	0.9736467	0.05157820000000001	-0.0968263634	0.1021289002	-0.020963025	0.0582671099	-0.09521593019999999	-0.0388215802	-0.064268637	0.0793228433	0.007817274300000001	0.09983566460000001	-0.0755571525	0.044380127699999994	-0.0647214634	-0.049429695700000005	0.1182536866	0.0	0.0564619	0.0818486	0.0376267	-0.00139943	-0.000196132	0.00350137
624.0303441371586	490.6265308714936	493.09280542136713	1.25104511	33.94416809	0.94461817	0.059412800000000016	-0.0936571241	-0.0555048553	0.0911040551	-0.0293350109	0.09147889349999999	0.0325106191	-0.1159982634	-0.0348204041	-0.0613671981	-0.0543252463	0.027631461	-0.040883009399999996	-0.0669598143	-0.044497603200000006	0.11681724269999999	0.0	0.0553433	0.101231	0.0373033	-0.00179884	-0.00056695	0.00349983
623.1997060580564	490.59589187707735	491.7809530061898	1.19809318	32.50744247	0.98832744	0.0174521	0.047205778899999995	-0.12894548720000001	-0.010328929799999999	-0.0015865713	-0.11197802429999999	-0.009967750400000001	0.0101479009	-0.1184041934	0.0780098918	0.006872982099999999	0.0436995064	0.06940358070000001	-0.0691644489	-0.0394758984	0.1148515874	0.0	0.0551684	0.0967065	0.0392556	-0.00175287	-0.000425392	0.00352831
624.3562841841863	490.8642874902586	491.4064198057012	1.15022445	31.20863724	0.95184755	0.09454434999999997	0.1101539334	0.058876595	-0.1159181604	0.0321085487	0.1266504089	0.0303639968	0.1192846076	0.0264434147	0.0464541904	0.0516299639	-0.0012660788	0.0420702707	-0.0713342571	-0.0343746944	0.11236562580000001	0.0	0.0576373	0.0477848	0.0432334	-0.00134779	-0.000611141	0.003721
621.1517567751825	490.361837650416	491.40971022273584	1.2157948	32.98773575	0.94675279	0.03574255	-0.0380173414	0.1512695167	0.051285135700000005	0.0315604048	-0.0909327402	-0.1111001718	-0.0026213752	0.1115031599	-0.09691706	0.0807395067	0.037767785400000004	-0.0237291182	-0.0734681463	-0.0292042644	0.1093706198	0.0	0.0529674	0.062005	0.0443113	-0.00153864	-0.000665662	0.00365088
623.2383843649261	490.8360652492845	492.7982723978976	1.23605788	33.53752518	0.93546128	0.12311420000000002	-0.0912316766	-0.0681147866	0.0735113726	-0.0693476392	0.08735952300000001	-0.0903283486	-0.107270386	-0.0250681907	-0.0151912884	-0.0537405143	0.1421812697	-0.0793193482	-0.0755650422	-0.0239750208	0.1058801375	0.0	0.0529852	0.14655	0.0560001	-0.00202641	-0.00066038	0.00369508
622.4998024152778	490.7368300152018	492.97739337638717	1.17179096	31.79379463	0.93576461	0.06237400000000001	0.0074837707	-0.1013074626	-0.0680181434	0.0382704396	-0.042901909	-0.1387028031	-0.032417108	-0.1086492885	0.0986027743	0.0726678177	0.0635630855	-0.1196854176	-0.0776238888	-0.0186974948	0.1019099918	0.0	0.0612748	0.11895	0.0405621	-0.00207537	-0.000619822	0.00382649
622.9549816599323	491.42060435377016	493.4278721760852	1.22164834	33.14655685	0.98534387	0.0977818	0.1260780166	0.048868643600000004	0.0358960787	0.1445529102	0.1043207779	0.0465346936	0.11369586960000001	-0.0667355008	-0.0742040329	0.10442092300000001	-0.0693263547	-0.1267355036	-0.0796436494	-0.013382314499999999	0.0974781683	0.0	0.0553578	0.0795847	0.0338291	-0.00178326	-0.000774782	0.00335823
624.3742710261539	491.05914209969404	493.4151080538784	1.27348864	34.55312347	1.01283073	0.12558166	0.0207452238	0.04879234440000001	0.0428209085	-0.1634923331	-0.0510800487	0.1190700257	0.0454860001	0.078475765	-0.0351260714	-0.16812567	-0.0558340894	0.0103759902	-0.081623307	-0.008040184	0.0926047444	0.0	0.0592694	0.00658159	0.0279462	-0.00102565	-0.0008470329999999999	0.00338405
624.1499962160841	491.10656856815376	491.8810419508548	1.22778583	33.31308365	1.03408909	0.2250536	-0.10413328990000001	-0.0613108757	-0.1355758746	-0.0291530839	0.011102547800000001	0.1482335014	-0.08685601220000001	0.0260504041	0.130330376	-0.028832460600000002	-0.102670864	0.1620261634	-0.08356186480000001	-0.0026818615999999996	0.0873117978	0.0	0.0696808	0.140032	0.00862946	-0.00181333	-0.000619822	0.00360666
622.4216761933873	491.06003215722876	491.63684830326133	1.21510327	32.96897125	0.97582901	0.09839994	-0.038662670499999996	-0.0257001068	-0.0139455895	0.16458261529999998	-0.1093460282	0.1585669878	-0.0569915328	-0.0832639013	0.006508915400000001	0.0822484508	-0.06433704030000001	0.0675272358	-0.0854583468	0.0026818615999999996	0.081623307	0.0	0.0741476	0.11166400000000001	0.0457526	-0.00205141	-0.000619822	0.00393742
622.0514396999747	490.1952918153258	491.9796085973977	1.28641689	34.90390015	0.96971619	0.08576165000000001	0.09353454900000001	0.0184625534	0.1351324519	0.0234528168	0.0434576787	0.0062001523	0.076019547	-0.0617463442	-0.1527956081	0.027637853799999997	0.0783490728	0.0857574299	-0.0873117978	0.008040184	0.0755650422	0.0	0.07463939999999998	0.0616788	0.0425078	-0.00180792	-0.000808619	0.00414593
622.1351840613793	490.57464175345376	492.16362140953504	1.21288872	32.90888596	0.94819725	0.05355250000000001	0.0247468456	0.0060495072	0.0133614072	-0.13272353609999998	-0.0536036778	-0.048253875599999996	0.0464100537	0.07794035469999999	0.0106320193	-0.07585392440000001	0.1302848452	-0.030855247599999996	-0.0891212848	0.013382314499999999	0.0691644489	0.0	0.07438419999999998	0.055095	0.0497856	-0.00136287	-0.000770705	0.00445168
623.4241787673657	490.8243585203305	492.2917806460208	1.09566319	29.72824478	0.96768987	0.10682850000000006	-0.0983346684	-0.0683450085	-0.1029451891	-0.07957522730000001	0.0326842042	-0.0633225009	-0.09608803640000001	0.0563877004	0.1448632332	0.0199628346	0.06978119320000001	-0.10192725849999999	-0.09088589650000001	0.0186974948	0.0624505233	0.0	0.0767283	0.116456	0.0561811	-0.00186289	-0.000682667	0.00430518
622.4955915592425	491.3826594704298	492.37055823091725	1.17900431	31.98951149	0.96731967	0.07300615000000002	0.0343452948	-0.0801764179	-0.1023462933	0.1041407752	-0.0560359972	-0.031844602799999996	-0.0050850189	-0.1076534711	0.0815657146	0.12778985140000002	-0.06935856209999999	-0.0788623987	-0.0926047444	0.0239750208	0.0554536812	0.0	0.0887304	0.140119	0.0733744	-0.00210572	-0.000690162	0.00445781
623.3085286508349	491.4566022362562	492.50774429968766	1.13955438	30.91913033	0.92666835	0.0892464	0.09479687789999999	0.08047903349999999	-0.0158977332	0.0936066832	0.0952065419	0.0176069776	0.1026953353	-0.0158060337	-0.007642923	0.0586641725	-0.0733481455	-0.0930734627	-0.094276963	0.0292042644	0.04820562019999999	0.0	0.08875049999999998	0.0874158	0.0561998	-0.00189179	-0.000743732	0.00457728
621.8233608267502	490.684050839627	492.4035288217245	1.19314575	32.37320709	0.95674133	0.04781650000000001	-0.0190406422	0.130760001	0.0792541229	-0.0638138459	-0.0426846195	-0.0790849923	0.018153406	0.1160496439	-0.0792296229	0.0032372464	0.0093270447	-0.1084757141	-0.09590171039999999	0.0343746944	0.040739175600000004	0.0	0.0887825	0.0712409	0.0509027	-0.00196867	-0.000946712	0.00482367
625.0179712849889	491.02153716888296	494.04723343715364	1.32420623	35.92922592	0.99470824	0.12064159999999997	-0.1176091324	-0.0863421241	-0.0864163592	-0.0050862697	0.1851510057	-0.0731431054	-0.1259671649	-0.0144253092	0.10206655460000001	0.0166739967	0.000911345	-0.0770575293	-0.0974781683	0.0394758984	0.0330881723	0.0	0.0839426	0.153257	0.0569529	-0.00215103	-0.00117111	0.00467572
623.3999361105588	490.9271848893254	493.56754950014425	1.40159798	38.02906799	1.05833125	0.0679801	0.0756890445	0.0306329379	0.096634877	0.11333336039999999	-0.0332431511	0.0303198696	0.058921313200000006	-0.0926319029	-0.116148035	0.0843116485	-0.0658185051	-0.1082170635	-0.09900554310000001	0.044497603200000006	0.025287271400000002	0.0	0.0887765	0.111356	0.0525027	-0.00239789	-0.00108954	0.00468319
625.2109450320522	490.91439031227515	493.3334952273866	1.24136508	33.68152618	0.99677968	0.157555406	0.0389441496	0.019219199699999998	0.0007821121000000001	-0.2099223247	-0.016637962	0.044996633	0.0625183522	0.08268527519999999	0.044451202	-0.15909110740000001	0.0239662348	-0.008723101700000001	-0.1004830656	0.049429695700000005	0.0173718128	0.0	0.0887646	-0.000360606	0.0569901	-0.00162261	-0.00108954	0.00463168
623.285275490224	490.9487996893006	491.6396534277381	1.29029083	35.00901031	1.03753531	0.213818506	-0.1025493216	0.0074505391	-0.14106199279999998	0.0651741487	0.0193999599	0.0210477502	-0.10115036710000001	0.0401839664	0.1173269333	0.0487468212	-0.0464947386	0.0962329824	-0.1019099918	0.0542622434	0.0093776556	0.0	0.0887879	0.14677599999999996	0.0733727	-0.00238152	-0.00108954	0.00487829
622.2196760421331	490.82313469122164	491.5129692787727	1.33014512	36.09036255	1.02562702	0.04923949999999996	0.042992513200000006	0.023415569599999998	0.0923603445	0.1254986222	-0.0843631975	0.0508138703	0.022176535299999998	-0.09573846679999999	-0.1048416651	0.097030935	-0.0016992816	0.027438660400000002	-0.1032856033	0.058985514100000004	0.0013410152	0.0	0.0847054	0.126313	0.0824242	-0.00247912	-0.00117146	0.00501162
621.487415873739	490.7167110063613	491.57151320826415	1.27011526	34.46159363	0.99811643	0.18507271	0.0517916377	0.0293582202	0.0765077997	-0.1475485897	0.035132670899999996	-0.08549864970000001	0.0583237872	0.08039764099999999	-0.0092021914	-0.09159990369999998	0.1839668419	-0.0723945481	-0.1046092073	0.0635899959	-0.0067017003	0.0	0.0849357	0.00190159	0.0670352	-0.0017966499999999997	-0.00118271	0.00521874
622.003449134459	490.4935352606707	492.2137556634323	1.31863415	35.77803802	1.02018046	0.21203081	-0.12367385480000001	0.0024955312	-0.12436797220000001	0.0337368896	0.043605640999999994	-0.204062159	-0.0953509452	0.06849183589999999	0.10609641859999999	0.12361353470000001	0.09401103429999999	-0.0765806359	-0.1058801375	0.0680664159	-0.0147140554	0.0	0.08825969999999998	0.163789	0.0744291	-0.00244495	-0.00114588	0.00511536
623.4913325758818	491.1657450322531	493.1495558359012	1.2896663	34.99206543	0.95723325	0.0926661	-0.0515163	0.0576351333	0.0813605438	0.1392077722	-0.0263524632	-0.0739675289	-0.0626249517	-0.0538815215	-0.0776150112	0.1379057341	-0.054441704	-0.15914021109999998	-0.10709775390000001	0.0724057592	-0.0226597522	0.0	0.083445	0.105388	0.0801965	-0.00260164	-0.00108954	0.00485473
622.0918551223888	491.4685252986374	493.0423278323439	1.21591687	32.99104691	0.95987785	0.020673100000000028	0.0777737199	-0.048569996399999996	0.1399288032	0.0205441377	-0.0203095192	-0.0707970713	0.0648502292	-0.0935498593	-0.12454398230000001	-0.0271541711	-0.0542995175	-0.1311181267	-0.1082614433	0.07659928690000001	-0.0305027946	0.0	0.0856847	0.101254	0.07627359999999998	-0.00262289	-0.00108954	0.00504101
624.4488680449442	491.33939896570564	493.08156131815065	1.18149495	32.05709076	0.98602766	0.21149859000000001	0.0506094761	0.0551265728	0.015541429099999999	-0.19269603170000002	-0.026222860499999997	0.0628936681	0.0828644735	0.1035621752	-0.0206712935	-0.1720244447	-0.0485407929	-0.0157037958	-0.1093706198	0.0806385538	-0.0382076517	0.0	0.083092	-0.00682649	0.0437967	-0.00145549	-0.00115251	0.00490441
622.8855520101658	490.7195727885702	491.69246826777254	1.1762383	31.91446114	0.9887951	0.20450049	-0.09379078390000001	-0.0592887438	-0.0539140961	-0.08702019859999999	0.0133431984	0.0219354321	-0.0924536249	0.048963800999999994	0.12233479900000001	-0.096053609	0.014204465500000001	0.0838214473	-0.11042472490000001	0.0845154255	-0.0457394187	0.0	0.0892777	0.108779	0.077791	-0.0020589	-0.00108954	0.00521233
622.07769433238	489.8423530983271	491.33658326000966	1.19656491	32.46597672	0.96093035	0.03484650000000003	0.0261606866	-0.1482259465	-0.025493530499999997	0.0280252127	-0.11027120300000001	-0.1081985649	-0.0174393324	-0.0968577248	0.0702231339	0.0446955593	0.1086824222	0.0690440847	-0.1114232278	0.0882220943	-0.0530639746	0.0	0.0881764	0.118841	0.0650103	-0.00195906	-0.00108954	0.00509412
622.3457378575292	490.5685226079077	492.1891346767937	1.18474638	32.14530945	0.9781611	0.06808729999999999	0.12850335599999999	0.0385500358	-0.0924891544	0.0626396087	0.1419598969	-0.0539153471	0.14162571529999998	0.0134715155	0.0106191876	0.0734181304	0.1095724225	0.0398868527	-0.11236562580000001	0.0917510955	-0.0601481375	0.0	0.08844399999999998	0.0746229	0.0450312	-0.00195906	-0.00108954	0.00502167
621.6204041625077	490.6475337569135	492.7951957309851	1.24153972	33.68626404	1.00071645	0.06068150000000005	-0.0340489856	0.16618960289999998	0.0651417154	-0.0138629735	-0.037285931800000005	-0.1384124345	0.0151330674	0.1511287204	-0.1256952427	0.058627266100000006	0.0602707827	-0.020650316000000002	-0.1132514443	0.09509532230000001	-0.0669598143	0.0	0.0960783	0.052334	0.0487755	-0.00195906	-0.00100148	0.00547389
624.2607978012535	491.1082127022085	493.4763314299437	1.23806477	33.59197998	0.97014731	0.16970219999999997	-0.08832536810000001	-0.0675671893	0.0831218056	-0.0608346087	0.13729728970000002	-0.0102198174	-0.0871965234	-0.02245029	-0.0401212997	-0.1074728483	0.029189637	-0.0272538756	-0.1140802373	0.0982480398	-0.0734681463	0.0	0.103673	0.162841	0.0562685	-0.00239944	-0.00108954	0.0058276
623.3518026178144	491.52550134272315	492.7663591620561	1.15486801	31.33462906	0.96342742	0.07724250000000002	0.06434594589999999	-0.11306044369999999	-0.003076718	-0.022859189	-0.029392590299999997	-0.029177959399999998	0.032697477	-0.10390576779999999	0.081644593	-0.0387380657	-0.0040411608000000005	-0.0122650402	-0.1148515874	0.10120289869999999	-0.0796436494	0.0	0.111116	0.10522	0.0547855	-0.00252626	-0.0011502900000000002	0.00585394
623.7803534203892	491.330560199916	492.9619983205937	1.09475315	29.70355415	0.94805467	0.11179609999999997	0.10472927509999999	0.0387935312	-0.1255686576	-0.0117554127	0.041686171699999996	0.034177845	0.11290304	0.0169673313	0.082158316	0.032373038199999996	-0.0544020092	-0.0340444682	-0.1155651064	0.10395394849999999	-0.0854583468	0.0	0.111132	0.0370674	0.048144	-0.00195027	-0.00125104	0.00591692
622.4026778664195	490.78933722875036	492.29570466206025	1.15874076	31.43970871	0.96299952	0.041206999999999994	-0.0650447683	0.12184005029999999	-0.0453790769	0.057011794000000005	-0.1256545309	0.049472117999999995	-0.0198304799	0.10884038380000001	-0.019231980200000002	0.10120301400000001	-0.0400470292	0.0652763185	-0.11622043480000001	0.1064956489	-0.09088589650000001	0.0	0.106142	0.0682674	0.049875	-0.00201586	-0.00125092	0.00591691
622.7540039880813	490.1469443845567	492.1262206723427	1.16886973	31.71453476	0.94146216	0.15952479999999997	-0.08537897400000001	0.0112208445	0.11337694849999999	0.0587996724	0.0006900975	0.0697602505	-0.0867851985	-0.0057128317000000005	-0.10413391050000001	0.02069269	0.0849523856	0.0703651607	-0.11681724269999999	0.10882288119999999	-0.09590171039999999	0.0	0.111184	0.168228	0.0540417	-0.00263425	-0.00120135	0.00625606
622.4682154978144	490.3841385364074	492.21529814816216	1.21443677	32.95088959	0.95945734	0.077973	0.0582699738	-0.1298335654	0.0594156108	-0.0406743095	-0.0644341306	-0.0398337632	0.023874788900000003	-0.1034919066	0.0078960521	-0.09265450869999999	0.1278654892	0.0623738454	-0.11735522960000001	0.1109309587	-0.1004830656	0.0	0.111172	0.117407	0.0574302	-0.00239944	-0.00137297	0.00618746
623.5441936615625	490.9953113764059	492.5666340062317	1.1502372	31.20898247	0.92827141	0.12381029999999997	0.0864270974	0.0735660504	-0.1183212895	-0.0175967109	0.006698582099999999	-0.0005735333	0.1014481133	0.051455088499999996	0.0519397787	0.0448311886	-0.007504104	0.048035462800000005	-0.1178341246	0.112815636	-0.1046092073	0.0	0.111162	0.0532828	0.0393496	-0.0017653	-0.00147616	0.00609288
622.3336660039354	490.91129365377196	492.77452383084574	1.17723644	31.94154358	0.95444036	0.038558799999999956	-0.0549870296	0.1282358585	0.06726906349999999	-0.018241354799999998	-0.0648461636	-0.0262213213	-0.0205783173	0.1093669334	-0.09211826710000001	0.011812499099999998	-0.0300721629	0.014185414399999999	-0.1182536866	0.1144731177	-0.1082614433	0.0	0.107807	0.0768148	0.0400339	-0.00189665	-0.00149816	0.00615928
624.4620833163655	490.9256211076866	493.00392802087237	1.2233566	33.19290543	0.93732542	0.1260832	-0.10407304210000001	-0.1167088712	-0.0172199821	-0.0614763193	0.060596008099999994	0.0316861379	-0.1233935367	-0.0083783495	0.06960769230000001	-0.0635271551	0.010908213	-0.0005382709	-0.11861370439999999	0.1159000657	-0.1114232278	0.0	0.0969175	0.145424	0.0409489	-0.00200933	-0.00124343	0.0056133
622.4112095225107	491.51015403121687	493.01433649621504	1.17704964	31.93647766	0.9211899	0.07799249999999999	-0.0282690004	-0.026139760699999997	0.0409682948	0.1574809547	0.0037642369	0.0557545875	-0.0609894634	-0.1017171748	-0.09384762449999999	0.0385512033	-0.0841553052	0.0031290526	-0.11891399650000001	0.11709360640000001	-0.1140802373	0.0	0.106418	0.113089	0.0346745	-0.00221477	-0.000968498	0.00549602
623.8556430865177	491.7410806945997	493.13477207616455	1.20771945	32.76863098	0.97243339	0.08413729999999998	0.1100681452	-0.0563173812	-0.0480599101	0.014956710900000001	-0.042517024800000004	0.0092514751	0.0777349826	-0.0758947499	0.0533564715	-0.0271624007	-0.12911762570000002	-0.0313832123	-0.1191544118	0.1180513362	-0.11622043480000001	0.0	0.105125	0.0656954	0.0361416	-0.00196201	-0.00108427	0.00580716
625.5324323461973	491.70825364207883	492.95487928551216	1.48032904	40.16524887	1.01426017	0.15838430000000003	0.0159845529	0.1275286434	0.0972886762	-0.0833710193	0.052120229500000004	0.1581366079	0.0510599134	0.11452270630000001	-0.11700126779999999	-0.1065631985	-0.1568683499	0.0492770171	-0.1193348294	0.11877132630000001	-0.1178341246	0.0	0.111097	-0.0225459	0.0359111	-0.00122926	-0.00130271	0.00613478
624.0745856115312	491.4570596269325	491.55095933466737	1.33019531	36.0917244	1.03736532	0.2675236	-0.11242215119999999	-0.064299035	-0.0225609209	-0.0788166172	0.0278300633	0.2009390649	-0.114422649	0.0064473822999999994	0.0448947638	-0.1412268058	-0.0334491948	0.10903315220000001	-0.11945515820000001	0.1192521267	-0.11891399650000001	0.0	0.111144	0.167355	0.0530083	-0.00203203	-0.00109993	0.0063388
622.2009965528293	491.1097641219383	491.61579985777433	1.29845488	35.23052216	1.0223496	0.07085940000000003	0.0676338338	-0.0608581896	-0.05157198019999999	0.14265246439999998	-0.0034160497	-0.0076334784	0.0366869298	-0.1132973934	0.0187748223	0.0654284746	0.0173382519	0.1662795786	-0.1195153378	0.1194927693	-0.11945515820000001	0.0	0.105381	0.129287	0.0488769	-0.00235188	-0.00105914	0.0062415
